--------------------------------------------------------
--  파일이 생성됨 - 토요일-2월-28-2026   
--------------------------------------------------------
--------------------------------------------------------
--  DDL for Table DEPARTMENT
--------------------------------------------------------

  CREATE TABLE "SYSTEM"."DEPARTMENT" 
   (	"DEPTNO" NUMBER(3,0), 
	"DNAME" VARCHAR2(25 BYTE), 
	"PART" NUMBER(3,0), 
	"BUILD" VARCHAR2(20 BYTE)
   ) PCTFREE 10 PCTUSED 40 INITRANS 1 MAXTRANS 255 
 NOCOMPRESS LOGGING
  STORAGE(INITIAL 65536 NEXT 1048576 MINEXTENTS 1 MAXEXTENTS 2147483645
  PCTINCREASE 0 FREELISTS 1 FREELIST GROUPS 1
  BUFFER_POOL DEFAULT FLASH_CACHE DEFAULT CELL_FLASH_CACHE DEFAULT)
  TABLESPACE "USERS" ;
--------------------------------------------------------
--  DDL for Table DEPT
--------------------------------------------------------

  CREATE TABLE "SYSTEM"."DEPT" 
   (	"DEPTNO" NUMBER(2,0), 
	"DNAME" VARCHAR2(14 BYTE), 
	"LOC" VARCHAR2(13 BYTE)
   ) PCTFREE 10 PCTUSED 40 INITRANS 1 MAXTRANS 255 
 NOCOMPRESS LOGGING
  STORAGE(INITIAL 65536 NEXT 1048576 MINEXTENTS 1 MAXEXTENTS 2147483645
  PCTINCREASE 0 FREELISTS 1 FREELIST GROUPS 1
  BUFFER_POOL DEFAULT FLASH_CACHE DEFAULT CELL_FLASH_CACHE DEFAULT)
  TABLESPACE "SYSTEM" ;
--------------------------------------------------------
--  DDL for Table EMP
--------------------------------------------------------

  CREATE TABLE "SYSTEM"."EMP" 
   (	"EMPNO" NUMBER(4,0), 
	"ENAME" VARCHAR2(10 BYTE), 
	"JOB" VARCHAR2(9 BYTE), 
	"MGR" NUMBER(4,0), 
	"HIREDATE" DATE, 
	"SAL" NUMBER(7,2), 
	"COMM" NUMBER(7,2), 
	"DEPTNO" NUMBER(2,0)
   ) PCTFREE 10 PCTUSED 40 INITRANS 1 MAXTRANS 255 
 NOCOMPRESS LOGGING
  STORAGE(INITIAL 65536 NEXT 1048576 MINEXTENTS 1 MAXEXTENTS 2147483645
  PCTINCREASE 0 FREELISTS 1 FREELIST GROUPS 1
  BUFFER_POOL DEFAULT FLASH_CACHE DEFAULT CELL_FLASH_CACHE DEFAULT)
  TABLESPACE "SYSTEM" ;
--------------------------------------------------------
--  DDL for Table ENROL
--------------------------------------------------------

  CREATE TABLE "SYSTEM"."ENROL" 
   (	"SUB_NO" CHAR(3 BYTE), 
	"STU_NO" CHAR(8 BYTE), 
	"ENR_GRADE" NUMBER
   ) PCTFREE 10 PCTUSED 40 INITRANS 1 MAXTRANS 255 
 NOCOMPRESS LOGGING
  STORAGE(INITIAL 65536 NEXT 1048576 MINEXTENTS 1 MAXEXTENTS 2147483645
  PCTINCREASE 0 FREELISTS 1 FREELIST GROUPS 1
  BUFFER_POOL DEFAULT FLASH_CACHE DEFAULT CELL_FLASH_CACHE DEFAULT)
  TABLESPACE "SYSTEM" ;
--------------------------------------------------------
--  DDL for Table PROFESSOR
--------------------------------------------------------

  CREATE TABLE "SYSTEM"."PROFESSOR" 
   (	"PROFNO" NUMBER(4,0), 
	"NAME" VARCHAR2(10 BYTE), 
	"ID" VARCHAR2(15 BYTE), 
	"POSITION" VARCHAR2(15 BYTE), 
	"PAY" NUMBER(3,0), 
	"HIREDATE" DATE, 
	"BONUS" NUMBER(4,0), 
	"DEPTNO" NUMBER(3,0), 
	"EMAIL" VARCHAR2(50 BYTE), 
	"HPAGE" VARCHAR2(50 BYTE)
   ) PCTFREE 10 PCTUSED 40 INITRANS 1 MAXTRANS 255 
 NOCOMPRESS LOGGING
  STORAGE(INITIAL 65536 NEXT 1048576 MINEXTENTS 1 MAXEXTENTS 2147483645
  PCTINCREASE 0 FREELISTS 1 FREELIST GROUPS 1
  BUFFER_POOL DEFAULT FLASH_CACHE DEFAULT CELL_FLASH_CACHE DEFAULT)
  TABLESPACE "USERS" ;
--------------------------------------------------------
--  DDL for Table SALGRADE
--------------------------------------------------------

  CREATE TABLE "SYSTEM"."SALGRADE" 
   (	"GRADE" NUMBER, 
	"LOSAL" NUMBER, 
	"HISAL" NUMBER
   ) PCTFREE 10 PCTUSED 40 INITRANS 1 MAXTRANS 255 
 NOCOMPRESS LOGGING
  STORAGE(INITIAL 65536 NEXT 1048576 MINEXTENTS 1 MAXEXTENTS 2147483645
  PCTINCREASE 0 FREELISTS 1 FREELIST GROUPS 1
  BUFFER_POOL DEFAULT FLASH_CACHE DEFAULT CELL_FLASH_CACHE DEFAULT)
  TABLESPACE "SYSTEM" ;
--------------------------------------------------------
--  DDL for Table STU
--------------------------------------------------------

  CREATE TABLE "SYSTEM"."STU" 
   (	"STUNO" NUMBER(4,0), 
	"NAME" VARCHAR2(10 BYTE), 
	"ID" VARCHAR2(20 BYTE), 
	"GRADE" NUMBER, 
	"JUMIN" CHAR(13 BYTE), 
	"BIRTHDAY" DATE, 
	"TEL" VARCHAR2(15 BYTE), 
	"HEIGHT" NUMBER(4,0), 
	"WEIGHT" NUMBER(3,0), 
	"DEPTNO1" NUMBER(3,0), 
	"DEPTNO2" NUMBER(3,0), 
	"PROFNO" NUMBER(4,0)
   ) PCTFREE 10 PCTUSED 40 INITRANS 1 MAXTRANS 255 
 NOCOMPRESS LOGGING
  STORAGE(INITIAL 65536 NEXT 1048576 MINEXTENTS 1 MAXEXTENTS 2147483645
  PCTINCREASE 0 FREELISTS 1 FREELIST GROUPS 1
  BUFFER_POOL DEFAULT FLASH_CACHE DEFAULT CELL_FLASH_CACHE DEFAULT)
  TABLESPACE "USERS" ;
--------------------------------------------------------
--  DDL for Table STUDENT
--------------------------------------------------------

  CREATE TABLE "SYSTEM"."STUDENT" 
   (	"STU_NO" CHAR(8 BYTE), 
	"STU_NAME" VARCHAR2(12 BYTE), 
	"STU_DEPT" VARCHAR2(20 BYTE), 
	"STU_GRADE" NUMBER, 
	"STU_CLASS" CHAR(1 BYTE), 
	"STU_GENDER" CHAR(1 BYTE), 
	"STU_HEIGHT" NUMBER, 
	"STU_WEIGHT" NUMBER
   ) PCTFREE 10 PCTUSED 40 INITRANS 1 MAXTRANS 255 
 NOCOMPRESS LOGGING
  STORAGE(INITIAL 65536 NEXT 1048576 MINEXTENTS 1 MAXEXTENTS 2147483645
  PCTINCREASE 0 FREELISTS 1 FREELIST GROUPS 1
  BUFFER_POOL DEFAULT FLASH_CACHE DEFAULT CELL_FLASH_CACHE DEFAULT)
  TABLESPACE "SYSTEM" ;
--------------------------------------------------------
--  DDL for Table SUBJECT
--------------------------------------------------------

  CREATE TABLE "SYSTEM"."SUBJECT" 
   (	"SUB_NO" CHAR(3 BYTE), 
	"SUB_NAME" VARCHAR2(30 BYTE), 
	"SUB_PROF" VARCHAR2(12 BYTE), 
	"SUB_GRADE" NUMBER, 
	"SUB_DEPT" VARCHAR2(20 BYTE)
   ) PCTFREE 10 PCTUSED 40 INITRANS 1 MAXTRANS 255 
 NOCOMPRESS LOGGING
  STORAGE(INITIAL 65536 NEXT 1048576 MINEXTENTS 1 MAXEXTENTS 2147483645
  PCTINCREASE 0 FREELISTS 1 FREELIST GROUPS 1
  BUFFER_POOL DEFAULT FLASH_CACHE DEFAULT CELL_FLASH_CACHE DEFAULT)
  TABLESPACE "SYSTEM" ;
--------------------------------------------------------
--  DDL for Table TBL_FRUIT
--------------------------------------------------------

  CREATE TABLE "SYSTEM"."TBL_FRUIT" 
   (	"NAME" VARCHAR2(30 BYTE), 
	"PRICE" NUMBER, 
	"COUNT" NUMBER
   ) PCTFREE 10 PCTUSED 40 INITRANS 1 MAXTRANS 255 
 NOCOMPRESS LOGGING
  STORAGE(INITIAL 65536 NEXT 1048576 MINEXTENTS 1 MAXEXTENTS 2147483645
  PCTINCREASE 0 FREELISTS 1 FREELIST GROUPS 1
  BUFFER_POOL DEFAULT FLASH_CACHE DEFAULT CELL_FLASH_CACHE DEFAULT)
  TABLESPACE "SYSTEM" ;
--------------------------------------------------------
--  DDL for Table TBL_NOTE
--------------------------------------------------------

  CREATE TABLE "SYSTEM"."TBL_NOTE" 
   (	"USERID" VARCHAR2(30 BYTE), 
	"QUIZ_ID" NUMBER, 
	"COUNTRY" VARCHAR2(100 BYTE), 
	"CAPITAL" VARCHAR2(100 BYTE)
   ) PCTFREE 10 PCTUSED 40 INITRANS 1 MAXTRANS 255 
 NOCOMPRESS LOGGING
  STORAGE(INITIAL 65536 NEXT 1048576 MINEXTENTS 1 MAXEXTENTS 2147483645
  PCTINCREASE 0 FREELISTS 1 FREELIST GROUPS 1
  BUFFER_POOL DEFAULT FLASH_CACHE DEFAULT CELL_FLASH_CACHE DEFAULT)
  TABLESPACE "SYSTEM" ;
--------------------------------------------------------
--  DDL for Table TBL_QUIZ
--------------------------------------------------------

  CREATE TABLE "SYSTEM"."TBL_QUIZ" 
   (	"QUIZ_ID" NUMBER, 
	"COUNTRY" VARCHAR2(100 BYTE), 
	"CAPITAL" VARCHAR2(100 BYTE)
   ) PCTFREE 10 PCTUSED 40 INITRANS 1 MAXTRANS 255 
 NOCOMPRESS LOGGING
  STORAGE(INITIAL 65536 NEXT 1048576 MINEXTENTS 1 MAXEXTENTS 2147483645
  PCTINCREASE 0 FREELISTS 1 FREELIST GROUPS 1
  BUFFER_POOL DEFAULT FLASH_CACHE DEFAULT CELL_FLASH_CACHE DEFAULT)
  TABLESPACE "SYSTEM" ;
--------------------------------------------------------
--  DDL for Table TBL_STUDENT
--------------------------------------------------------

  CREATE TABLE "SYSTEM"."TBL_STUDENT" 
   (	"STU_NO" CHAR(4 BYTE), 
	"STU_NAME" VARCHAR2(20 BYTE), 
	"STU_DEPT" VARCHAR2(50 BYTE), 
	"JAVA" NUMBER, 
	"ORACLE" NUMBER, 
	"HTML" NUMBER
   ) PCTFREE 10 PCTUSED 40 INITRANS 1 MAXTRANS 255 
 NOCOMPRESS LOGGING
  STORAGE(INITIAL 65536 NEXT 1048576 MINEXTENTS 1 MAXEXTENTS 2147483645
  PCTINCREASE 0 FREELISTS 1 FREELIST GROUPS 1
  BUFFER_POOL DEFAULT FLASH_CACHE DEFAULT CELL_FLASH_CACHE DEFAULT)
  TABLESPACE "SYSTEM" ;
--------------------------------------------------------
--  DDL for Table TBL_USER
--------------------------------------------------------

  CREATE TABLE "SYSTEM"."TBL_USER" 
   (	"USERID" VARCHAR2(30 BYTE), 
	"PWD" VARCHAR2(30 BYTE), 
	"USERNAME" VARCHAR2(30 BYTE)
   ) PCTFREE 10 PCTUSED 40 INITRANS 1 MAXTRANS 255 
 NOCOMPRESS LOGGING
  STORAGE(INITIAL 65536 NEXT 1048576 MINEXTENTS 1 MAXEXTENTS 2147483645
  PCTINCREASE 0 FREELISTS 1 FREELIST GROUPS 1
  BUFFER_POOL DEFAULT FLASH_CACHE DEFAULT CELL_FLASH_CACHE DEFAULT)
  TABLESPACE "SYSTEM" ;
REM INSERTING into SYSTEM.DEPARTMENT
SET DEFINE OFF;
Insert into SYSTEM.DEPARTMENT (DEPTNO,DNAME,PART,BUILD) values (101,'컴퓨터공학과',100,'정보관');
Insert into SYSTEM.DEPARTMENT (DEPTNO,DNAME,PART,BUILD) values (102,'멀티미디어공학과',100,'멀티미디어관');
Insert into SYSTEM.DEPARTMENT (DEPTNO,DNAME,PART,BUILD) values (103,'소프트웨어공학과',100,'소프트웨어관');
Insert into SYSTEM.DEPARTMENT (DEPTNO,DNAME,PART,BUILD) values (201,'전자공학과',200,'전자제어관');
Insert into SYSTEM.DEPARTMENT (DEPTNO,DNAME,PART,BUILD) values (202,'기계공학과',200,'기계실험관');
Insert into SYSTEM.DEPARTMENT (DEPTNO,DNAME,PART,BUILD) values (203,'화학공학과',200,'화학실습관');
Insert into SYSTEM.DEPARTMENT (DEPTNO,DNAME,PART,BUILD) values (301,'문헌정보학과',300,'인문관');
Insert into SYSTEM.DEPARTMENT (DEPTNO,DNAME,PART,BUILD) values (100,'컴퓨터정보학부',10,null);
Insert into SYSTEM.DEPARTMENT (DEPTNO,DNAME,PART,BUILD) values (200,'메카트로닉스학부',10,null);
Insert into SYSTEM.DEPARTMENT (DEPTNO,DNAME,PART,BUILD) values (300,'인문사회학부',20,null);
Insert into SYSTEM.DEPARTMENT (DEPTNO,DNAME,PART,BUILD) values (10,'공과대학',null,null);
Insert into SYSTEM.DEPARTMENT (DEPTNO,DNAME,PART,BUILD) values (20,'인문대학',null,null);
REM INSERTING into SYSTEM.DEPT
SET DEFINE OFF;
Insert into SYSTEM.DEPT (DEPTNO,DNAME,LOC) values (10,'ACCOUNTING','NEW YORK');
Insert into SYSTEM.DEPT (DEPTNO,DNAME,LOC) values (20,'RESEARCH','DALLAS');
Insert into SYSTEM.DEPT (DEPTNO,DNAME,LOC) values (30,'SALES','CHICAGO');
Insert into SYSTEM.DEPT (DEPTNO,DNAME,LOC) values (40,'OPERATIONS','BOSTON');
REM INSERTING into SYSTEM.EMP
SET DEFINE OFF;
Insert into SYSTEM.EMP (EMPNO,ENAME,JOB,MGR,HIREDATE,SAL,COMM,DEPTNO) values (7369,'SMITH','CLERK',7902,to_date('80/12/17','RR/MM/DD'),800,null,20);
Insert into SYSTEM.EMP (EMPNO,ENAME,JOB,MGR,HIREDATE,SAL,COMM,DEPTNO) values (7499,'ALLEN','SALESMAN',7698,to_date('81/02/20','RR/MM/DD'),1600,300,30);
Insert into SYSTEM.EMP (EMPNO,ENAME,JOB,MGR,HIREDATE,SAL,COMM,DEPTNO) values (7521,'WARD','SALESMAN',7698,to_date('81/02/22','RR/MM/DD'),1250,500,30);
Insert into SYSTEM.EMP (EMPNO,ENAME,JOB,MGR,HIREDATE,SAL,COMM,DEPTNO) values (7566,'JONES','MANAGER',7839,to_date('81/04/02','RR/MM/DD'),1500,null,20);
Insert into SYSTEM.EMP (EMPNO,ENAME,JOB,MGR,HIREDATE,SAL,COMM,DEPTNO) values (7654,'MARTIN','SALESMAN',7698,to_date('81/09/28','RR/MM/DD'),1250,1400,30);
Insert into SYSTEM.EMP (EMPNO,ENAME,JOB,MGR,HIREDATE,SAL,COMM,DEPTNO) values (7698,'BLAKE','MANAGER',7839,to_date('81/05/01','RR/MM/DD'),2850,null,30);
Insert into SYSTEM.EMP (EMPNO,ENAME,JOB,MGR,HIREDATE,SAL,COMM,DEPTNO) values (7782,'CLARK','MANAGER',7839,to_date('81/06/09','RR/MM/DD'),3000,null,10);
Insert into SYSTEM.EMP (EMPNO,ENAME,JOB,MGR,HIREDATE,SAL,COMM,DEPTNO) values (7788,'SCOTT','ANALYST',7566,to_date('82/12/09','RR/MM/DD'),3000,null,20);
Insert into SYSTEM.EMP (EMPNO,ENAME,JOB,MGR,HIREDATE,SAL,COMM,DEPTNO) values (7839,'KING','PRESIDENT',null,to_date('81/11/17','RR/MM/DD'),5000,null,10);
Insert into SYSTEM.EMP (EMPNO,ENAME,JOB,MGR,HIREDATE,SAL,COMM,DEPTNO) values (7844,'TURNER','SALESMAN',7698,to_date('81/09/08','RR/MM/DD'),1500,null,30);
Insert into SYSTEM.EMP (EMPNO,ENAME,JOB,MGR,HIREDATE,SAL,COMM,DEPTNO) values (7876,'ADAMS','CLERK',7788,to_date('83/01/12','RR/MM/DD'),1100,null,20);
Insert into SYSTEM.EMP (EMPNO,ENAME,JOB,MGR,HIREDATE,SAL,COMM,DEPTNO) values (7900,'JAMES','CLERK',7698,to_date('81/12/03','RR/MM/DD'),950,null,30);
Insert into SYSTEM.EMP (EMPNO,ENAME,JOB,MGR,HIREDATE,SAL,COMM,DEPTNO) values (7902,'FORD','ANALYST',7566,to_date('81/12/03','RR/MM/DD'),3000,null,20);
Insert into SYSTEM.EMP (EMPNO,ENAME,JOB,MGR,HIREDATE,SAL,COMM,DEPTNO) values (7934,'MILLER','CLERK',7782,to_date('82/01/23','RR/MM/DD'),1300,null,10);
REM INSERTING into SYSTEM.ENROL
SET DEFINE OFF;
Insert into SYSTEM.ENROL (SUB_NO,STU_NO,ENR_GRADE) values ('101','20131001',80);
Insert into SYSTEM.ENROL (SUB_NO,STU_NO,ENR_GRADE) values ('104','20131001',56);
Insert into SYSTEM.ENROL (SUB_NO,STU_NO,ENR_GRADE) values ('106','20132003',72);
Insert into SYSTEM.ENROL (SUB_NO,STU_NO,ENR_GRADE) values ('103','20152088',45);
Insert into SYSTEM.ENROL (SUB_NO,STU_NO,ENR_GRADE) values ('101','20131025',65);
Insert into SYSTEM.ENROL (SUB_NO,STU_NO,ENR_GRADE) values ('104','20131025',65);
Insert into SYSTEM.ENROL (SUB_NO,STU_NO,ENR_GRADE) values ('108','20151062',81);
Insert into SYSTEM.ENROL (SUB_NO,STU_NO,ENR_GRADE) values ('107','20143054',41);
Insert into SYSTEM.ENROL (SUB_NO,STU_NO,ENR_GRADE) values ('102','20153075',66);
Insert into SYSTEM.ENROL (SUB_NO,STU_NO,ENR_GRADE) values ('105','20153075',56);
Insert into SYSTEM.ENROL (SUB_NO,STU_NO,ENR_GRADE) values ('102','20153088',61);
Insert into SYSTEM.ENROL (SUB_NO,STU_NO,ENR_GRADE) values ('105','20153088',78);
REM INSERTING into SYSTEM.PROFESSOR
SET DEFINE OFF;
Insert into SYSTEM.PROFESSOR (PROFNO,NAME,ID,POSITION,PAY,HIREDATE,BONUS,DEPTNO,EMAIL,HPAGE) values (1001,'조인형','captain','정교수',550,to_date('80/06/23','RR/MM/DD'),100,101,'captain@abc.net','http://www.abc.net');
Insert into SYSTEM.PROFESSOR (PROFNO,NAME,ID,POSITION,PAY,HIREDATE,BONUS,DEPTNO,EMAIL,HPAGE) values (1002,'박승곤','sweety','조교수',380,to_date('87/01/30','RR/MM/DD'),60,101,'sweety@abc.net','http://www.abc.net');
Insert into SYSTEM.PROFESSOR (PROFNO,NAME,ID,POSITION,PAY,HIREDATE,BONUS,DEPTNO,EMAIL,HPAGE) values (1003,'송도권','powerman','전임강사',270,to_date('98/03/22','RR/MM/DD'),null,101,'pman@power.com','http://www.power.com');
Insert into SYSTEM.PROFESSOR (PROFNO,NAME,ID,POSITION,PAY,HIREDATE,BONUS,DEPTNO,EMAIL,HPAGE) values (2001,'양선희','lamb1','전임강사',250,to_date('01/09/01','RR/MM/DD'),null,102,'lamb1@hamail.net',null);
Insert into SYSTEM.PROFESSOR (PROFNO,NAME,ID,POSITION,PAY,HIREDATE,BONUS,DEPTNO,EMAIL,HPAGE) values (2002,'김영조','number1','조교수',350,to_date('85/11/30','RR/MM/DD'),80,102,'number1@naver.com','http://num1.naver.com');
Insert into SYSTEM.PROFESSOR (PROFNO,NAME,ID,POSITION,PAY,HIREDATE,BONUS,DEPTNO,EMAIL,HPAGE) values (2003,'주승재','bluedragon','정교수',490,to_date('82/04/29','RR/MM/DD'),90,102,'bdragon@naver.com',null);
Insert into SYSTEM.PROFESSOR (PROFNO,NAME,ID,POSITION,PAY,HIREDATE,BONUS,DEPTNO,EMAIL,HPAGE) values (3001,'김도형','angel1004','정교수',530,to_date('81/10/23','RR/MM/DD'),110,103,'angel1004@hanmir.com',null);
Insert into SYSTEM.PROFESSOR (PROFNO,NAME,ID,POSITION,PAY,HIREDATE,BONUS,DEPTNO,EMAIL,HPAGE) values (3002,'나한열','naone10','조교수',330,to_date('97/07/01','RR/MM/DD'),50,103,'naone10@empal.com',null);
Insert into SYSTEM.PROFESSOR (PROFNO,NAME,ID,POSITION,PAY,HIREDATE,BONUS,DEPTNO,EMAIL,HPAGE) values (3003,'김현정','only-u','전임강사',290,to_date('02/02/24','RR/MM/DD'),null,103,'only_u@abc.com',null);
Insert into SYSTEM.PROFESSOR (PROFNO,NAME,ID,POSITION,PAY,HIREDATE,BONUS,DEPTNO,EMAIL,HPAGE) values (4001,'심슨','simson','정교수',570,to_date('81/10/23','RR/MM/DD'),130,201,'chebin@daum.net',null);
Insert into SYSTEM.PROFESSOR (PROFNO,NAME,ID,POSITION,PAY,HIREDATE,BONUS,DEPTNO,EMAIL,HPAGE) values (4002,'최슬기','gogogo','조교수',330,to_date('09/08/30','RR/MM/DD'),null,201,'gogogo@def.com',null);
Insert into SYSTEM.PROFESSOR (PROFNO,NAME,ID,POSITION,PAY,HIREDATE,BONUS,DEPTNO,EMAIL,HPAGE) values (4003,'박원범','mypride','조교수',310,to_date('99/12/01','RR/MM/DD'),50,202,'mypride@hanmail.net',null);
Insert into SYSTEM.PROFESSOR (PROFNO,NAME,ID,POSITION,PAY,HIREDATE,BONUS,DEPTNO,EMAIL,HPAGE) values (4004,'차범철','ironman','전임강사',260,to_date('09/01/28','RR/MM/DD'),null,202,'ironman@naver.com',null);
Insert into SYSTEM.PROFESSOR (PROFNO,NAME,ID,POSITION,PAY,HIREDATE,BONUS,DEPTNO,EMAIL,HPAGE) values (4005,'바비','standkang','정교수',500,to_date('85/09/18','RR/MM/DD'),80,203,'standkang@naver.com',null);
Insert into SYSTEM.PROFESSOR (PROFNO,NAME,ID,POSITION,PAY,HIREDATE,BONUS,DEPTNO,EMAIL,HPAGE) values (4006,'전민','napeople','전임강사',220,to_date('10/06/28','RR/MM/DD'),null,301,'napeople@jass.com',null);
Insert into SYSTEM.PROFESSOR (PROFNO,NAME,ID,POSITION,PAY,HIREDATE,BONUS,DEPTNO,EMAIL,HPAGE) values (4007,'허은','silver-her','조교수',290,to_date('01/05/23','RR/MM/DD'),30,301,'silver-her@daum.net',null);
REM INSERTING into SYSTEM.SALGRADE
SET DEFINE OFF;
Insert into SYSTEM.SALGRADE (GRADE,LOSAL,HISAL) values (1,700,1200);
Insert into SYSTEM.SALGRADE (GRADE,LOSAL,HISAL) values (2,1201,1400);
Insert into SYSTEM.SALGRADE (GRADE,LOSAL,HISAL) values (3,1401,2000);
Insert into SYSTEM.SALGRADE (GRADE,LOSAL,HISAL) values (4,2001,3000);
Insert into SYSTEM.SALGRADE (GRADE,LOSAL,HISAL) values (5,3001,9999);
REM INSERTING into SYSTEM.STU
SET DEFINE OFF;
Insert into SYSTEM.STU (STUNO,NAME,ID,GRADE,JUMIN,BIRTHDAY,TEL,HEIGHT,WEIGHT,DEPTNO1,DEPTNO2,PROFNO) values (9411,'서진수','75true',4,'7510231901813',to_date('75/10/23','RR/MM/DD'),'055)381-2158',180,72,101,201,1001);
Insert into SYSTEM.STU (STUNO,NAME,ID,GRADE,JUMIN,BIRTHDAY,TEL,HEIGHT,WEIGHT,DEPTNO1,DEPTNO2,PROFNO) values (9412,'서재수','pooh94',4,'7502241128467',to_date('75/02/24','RR/MM/DD'),'051)426-1700',172,64,102,null,2001);
Insert into SYSTEM.STU (STUNO,NAME,ID,GRADE,JUMIN,BIRTHDAY,TEL,HEIGHT,WEIGHT,DEPTNO1,DEPTNO2,PROFNO) values (9413,'이미경','angel000',4,'7506152123648',to_date('75/06/15','RR/MM/DD'),'053)266-8947',168,52,103,203,3002);
Insert into SYSTEM.STU (STUNO,NAME,ID,GRADE,JUMIN,BIRTHDAY,TEL,HEIGHT,WEIGHT,DEPTNO1,DEPTNO2,PROFNO) values (9414,'김재수','gunmandu',4,'7512251063421',to_date('75/12/25','RR/MM/DD'),'02)6255-9875',177,83,201,null,4001);
Insert into SYSTEM.STU (STUNO,NAME,ID,GRADE,JUMIN,BIRTHDAY,TEL,HEIGHT,WEIGHT,DEPTNO1,DEPTNO2,PROFNO) values (9415,'박동호','pincle1',4,'7503031639826',to_date('75/03/03','RR/MM/DD'),'031)740-6388',182,70,202,null,4003);
Insert into SYSTEM.STU (STUNO,NAME,ID,GRADE,JUMIN,BIRTHDAY,TEL,HEIGHT,WEIGHT,DEPTNO1,DEPTNO2,PROFNO) values (9511,'김신영','bingo',3,'7601232186327',to_date('76/01/23','RR/MM/DD'),'055)333-6328',164,48,101,null,1002);
Insert into SYSTEM.STU (STUNO,NAME,ID,GRADE,JUMIN,BIRTHDAY,TEL,HEIGHT,WEIGHT,DEPTNO1,DEPTNO2,PROFNO) values (9512,'신은경','jjang1',3,'7604122298371',to_date('76/04/12','RR/MM/DD'),'051)418-9627',161,42,102,201,2002);
Insert into SYSTEM.STU (STUNO,NAME,ID,GRADE,JUMIN,BIRTHDAY,TEL,HEIGHT,WEIGHT,DEPTNO1,DEPTNO2,PROFNO) values (9513,'오나라','nara5',3,'7609112118379',to_date('76/09/11','RR/MM/DD'),'051)724-9618',177,55,202,null,4003);
Insert into SYSTEM.STU (STUNO,NAME,ID,GRADE,JUMIN,BIRTHDAY,TEL,HEIGHT,WEIGHT,DEPTNO1,DEPTNO2,PROFNO) values (9514,'구유미','guyume',3,'7601202378641',to_date('76/01/20','RR/MM/DD'),'055)296-3784',160,58,301,101,4007);
Insert into SYSTEM.STU (STUNO,NAME,ID,GRADE,JUMIN,BIRTHDAY,TEL,HEIGHT,WEIGHT,DEPTNO1,DEPTNO2,PROFNO) values (9515,'임세현','shyun1',3,'7610122196482',to_date('76/10/12','RR/MM/DD'),'02)312-9838',171,54,201,null,4001);
Insert into SYSTEM.STU (STUNO,NAME,ID,GRADE,JUMIN,BIRTHDAY,TEL,HEIGHT,WEIGHT,DEPTNO1,DEPTNO2,PROFNO) values (9611,'일지매','onejimae',2,'7711291186223',to_date('77/11/29','RR/MM/DD'),'02)6788-4861',182,72,101,null,1002);
Insert into SYSTEM.STU (STUNO,NAME,ID,GRADE,JUMIN,BIRTHDAY,TEL,HEIGHT,WEIGHT,DEPTNO1,DEPTNO2,PROFNO) values (9612,'김진욱','samjang7',2,'7704021358674',to_date('77/04/02','RR/MM/DD'),'055)488-2998',171,70,102,null,2001);
Insert into SYSTEM.STU (STUNO,NAME,ID,GRADE,JUMIN,BIRTHDAY,TEL,HEIGHT,WEIGHT,DEPTNO1,DEPTNO2,PROFNO) values (9613,'안광훈','nonnon1',2,'7709131276431',to_date('77/09/13','RR/MM/DD'),'053)736-4981',175,82,201,null,4002);
Insert into SYSTEM.STU (STUNO,NAME,ID,GRADE,JUMIN,BIRTHDAY,TEL,HEIGHT,WEIGHT,DEPTNO1,DEPTNO2,PROFNO) values (9614,'김문호','munho',2,'7702261196365',to_date('77/02/26','RR/MM/DD'),'02)6175-3945',166,51,201,null,4003);
Insert into SYSTEM.STU (STUNO,NAME,ID,GRADE,JUMIN,BIRTHDAY,TEL,HEIGHT,WEIGHT,DEPTNO1,DEPTNO2,PROFNO) values (9615,'노정호','star123',2,'7712141254963',to_date('77/12/14','RR/MM/DD'),'051)785-6984',184,62,301,null,4007);
Insert into SYSTEM.STU (STUNO,NAME,ID,GRADE,JUMIN,BIRTHDAY,TEL,HEIGHT,WEIGHT,DEPTNO1,DEPTNO2,PROFNO) values (9711,'이윤나','prettygirl',1,'7808192157498',to_date('78/08/19','RR/MM/DD'),'055)278-3649',162,48,101,null,null);
Insert into SYSTEM.STU (STUNO,NAME,ID,GRADE,JUMIN,BIRTHDAY,TEL,HEIGHT,WEIGHT,DEPTNO1,DEPTNO2,PROFNO) values (9712,'안은수','silverwt',1,'7801051776346',to_date('78/01/05','RR/MM/DD'),'02)381-5440',175,63,201,null,null);
Insert into SYSTEM.STU (STUNO,NAME,ID,GRADE,JUMIN,BIRTHDAY,TEL,HEIGHT,WEIGHT,DEPTNO1,DEPTNO2,PROFNO) values (9713,'인영민','youngmin',1,'7808091786954',to_date('78/08/09','RR/MM/DD'),'031)345-5677',173,69,201,null,null);
Insert into SYSTEM.STU (STUNO,NAME,ID,GRADE,JUMIN,BIRTHDAY,TEL,HEIGHT,WEIGHT,DEPTNO1,DEPTNO2,PROFNO) values (9714,'김주현','kimjh',1,'7803241981987',to_date('78/03/24','RR/MM/DD'),'055)423-9870',179,81,102,null,null);
Insert into SYSTEM.STU (STUNO,NAME,ID,GRADE,JUMIN,BIRTHDAY,TEL,HEIGHT,WEIGHT,DEPTNO1,DEPTNO2,PROFNO) values (9715,'허우','wooya2702',1,'7802232116784',to_date('78/02/23','RR/MM/DD'),'02)6122-2345',163,51,103,null,null);
REM INSERTING into SYSTEM.STUDENT
SET DEFINE OFF;
Insert into SYSTEM.STUDENT (STU_NO,STU_NAME,STU_DEPT,STU_GRADE,STU_CLASS,STU_GENDER,STU_HEIGHT,STU_WEIGHT) values ('20153075','옥한빛','기계',1,'C','M',177,80);
Insert into SYSTEM.STUDENT (STU_NO,STU_NAME,STU_DEPT,STU_GRADE,STU_CLASS,STU_GENDER,STU_HEIGHT,STU_WEIGHT) values ('20153088','이태연','기계',1,'C','F',162,50);
Insert into SYSTEM.STUDENT (STU_NO,STU_NAME,STU_DEPT,STU_GRADE,STU_CLASS,STU_GENDER,STU_HEIGHT,STU_WEIGHT) values ('20143054','유가인','기계',2,'C','F',154,47);
Insert into SYSTEM.STUDENT (STU_NO,STU_NAME,STU_DEPT,STU_GRADE,STU_CLASS,STU_GENDER,STU_HEIGHT,STU_WEIGHT) values ('20152088','조민우','전기전자',1,'C','M',188,90);
Insert into SYSTEM.STUDENT (STU_NO,STU_NAME,STU_DEPT,STU_GRADE,STU_CLASS,STU_GENDER,STU_HEIGHT,STU_WEIGHT) values ('20142021','심수정','전기전자',2,'A','F',168,45);
Insert into SYSTEM.STUDENT (STU_NO,STU_NAME,STU_DEPT,STU_GRADE,STU_CLASS,STU_GENDER,STU_HEIGHT,STU_WEIGHT) values ('20132003','박희철','전기전자',3,'B','M',null,63);
Insert into SYSTEM.STUDENT (STU_NO,STU_NAME,STU_DEPT,STU_GRADE,STU_CLASS,STU_GENDER,STU_HEIGHT,STU_WEIGHT) values ('20151062','김인중','컴퓨터정보',1,'B','M',166,67);
Insert into SYSTEM.STUDENT (STU_NO,STU_NAME,STU_DEPT,STU_GRADE,STU_CLASS,STU_GENDER,STU_HEIGHT,STU_WEIGHT) values ('20141007','진현무','컴퓨터정보',2,'A','M',174,64);
Insert into SYSTEM.STUDENT (STU_NO,STU_NAME,STU_DEPT,STU_GRADE,STU_CLASS,STU_GENDER,STU_HEIGHT,STU_WEIGHT) values ('20131001','김종헌','컴퓨터정보',3,'C','M',null,72);
Insert into SYSTEM.STUDENT (STU_NO,STU_NAME,STU_DEPT,STU_GRADE,STU_CLASS,STU_GENDER,STU_HEIGHT,STU_WEIGHT) values ('20131025','옥성우','컴퓨터정보',3,'A','F',172,63);
REM INSERTING into SYSTEM.SUBJECT
SET DEFINE OFF;
Insert into SYSTEM.SUBJECT (SUB_NO,SUB_NAME,SUB_PROF,SUB_GRADE,SUB_DEPT) values ('111','데이터베이스','이재영',2,'컴퓨터정보');
Insert into SYSTEM.SUBJECT (SUB_NO,SUB_NAME,SUB_PROF,SUB_GRADE,SUB_DEPT) values ('110','자동제어','정순정',2,'전기전자');
Insert into SYSTEM.SUBJECT (SUB_NO,SUB_NAME,SUB_PROF,SUB_GRADE,SUB_DEPT) values ('109','자동화설계','박민영',3,'기계');
Insert into SYSTEM.SUBJECT (SUB_NO,SUB_NAME,SUB_PROF,SUB_GRADE,SUB_DEPT) values ('101','컴퓨터개론','강종영',3,'컴퓨터정보');
Insert into SYSTEM.SUBJECT (SUB_NO,SUB_NAME,SUB_PROF,SUB_GRADE,SUB_DEPT) values ('102','기계공작법','김태영',1,'기계');
Insert into SYSTEM.SUBJECT (SUB_NO,SUB_NAME,SUB_PROF,SUB_GRADE,SUB_DEPT) values ('103','기초전자실험','김유석',1,'전기전자');
Insert into SYSTEM.SUBJECT (SUB_NO,SUB_NAME,SUB_PROF,SUB_GRADE,SUB_DEPT) values ('104','시스템분석설계','강석현',3,'컴퓨터정보');
Insert into SYSTEM.SUBJECT (SUB_NO,SUB_NAME,SUB_PROF,SUB_GRADE,SUB_DEPT) values ('105','기계요소설계','김명성',1,'기계');
Insert into SYSTEM.SUBJECT (SUB_NO,SUB_NAME,SUB_PROF,SUB_GRADE,SUB_DEPT) values ('106','전자회로실험','최영민',3,'전기전자');
Insert into SYSTEM.SUBJECT (SUB_NO,SUB_NAME,SUB_PROF,SUB_GRADE,SUB_DEPT) values ('107','CAD응용실습','구봉규',2,'기계');
Insert into SYSTEM.SUBJECT (SUB_NO,SUB_NAME,SUB_PROF,SUB_GRADE,SUB_DEPT) values ('108','소프트웨어공학','권민성',1,'컴퓨터정보');
REM INSERTING into SYSTEM.TBL_FRUIT
SET DEFINE OFF;
REM INSERTING into SYSTEM.TBL_NOTE
SET DEFINE OFF;
REM INSERTING into SYSTEM.TBL_QUIZ
SET DEFINE OFF;
Insert into SYSTEM.TBL_QUIZ (QUIZ_ID,COUNTRY,CAPITAL) values (1,'대한민국','서울');
Insert into SYSTEM.TBL_QUIZ (QUIZ_ID,COUNTRY,CAPITAL) values (2,'미국','워싱턴DC');
Insert into SYSTEM.TBL_QUIZ (QUIZ_ID,COUNTRY,CAPITAL) values (3,'일본','도쿄');
Insert into SYSTEM.TBL_QUIZ (QUIZ_ID,COUNTRY,CAPITAL) values (4,'중국','베이징');
Insert into SYSTEM.TBL_QUIZ (QUIZ_ID,COUNTRY,CAPITAL) values (5,'영국','런던');
Insert into SYSTEM.TBL_QUIZ (QUIZ_ID,COUNTRY,CAPITAL) values (6,'프랑스','파리');
Insert into SYSTEM.TBL_QUIZ (QUIZ_ID,COUNTRY,CAPITAL) values (7,'독일','베를린');
Insert into SYSTEM.TBL_QUIZ (QUIZ_ID,COUNTRY,CAPITAL) values (8,'이탈리아','로마');
Insert into SYSTEM.TBL_QUIZ (QUIZ_ID,COUNTRY,CAPITAL) values (9,'캐나다','오타와');
Insert into SYSTEM.TBL_QUIZ (QUIZ_ID,COUNTRY,CAPITAL) values (10,'호주','캔버라');
Insert into SYSTEM.TBL_QUIZ (QUIZ_ID,COUNTRY,CAPITAL) values (11,'브라질','브라질리아');
Insert into SYSTEM.TBL_QUIZ (QUIZ_ID,COUNTRY,CAPITAL) values (12,'러시아','모스크바');
Insert into SYSTEM.TBL_QUIZ (QUIZ_ID,COUNTRY,CAPITAL) values (13,'스페인','마드리드');
Insert into SYSTEM.TBL_QUIZ (QUIZ_ID,COUNTRY,CAPITAL) values (14,'인도','뉴델리');
Insert into SYSTEM.TBL_QUIZ (QUIZ_ID,COUNTRY,CAPITAL) values (15,'멕시코','멕시코시티');
Insert into SYSTEM.TBL_QUIZ (QUIZ_ID,COUNTRY,CAPITAL) values (16,'아르헨티나','부에노스아이레스');
Insert into SYSTEM.TBL_QUIZ (QUIZ_ID,COUNTRY,CAPITAL) values (17,'이집트','카이로');
Insert into SYSTEM.TBL_QUIZ (QUIZ_ID,COUNTRY,CAPITAL) values (18,'터키','앙카라');
Insert into SYSTEM.TBL_QUIZ (QUIZ_ID,COUNTRY,CAPITAL) values (19,'태국','방콕');
Insert into SYSTEM.TBL_QUIZ (QUIZ_ID,COUNTRY,CAPITAL) values (20,'베트남','하노이');
Insert into SYSTEM.TBL_QUIZ (QUIZ_ID,COUNTRY,CAPITAL) values (21,'인도네시아','자카르타');
Insert into SYSTEM.TBL_QUIZ (QUIZ_ID,COUNTRY,CAPITAL) values (22,'사우디아라비아','리야드');
Insert into SYSTEM.TBL_QUIZ (QUIZ_ID,COUNTRY,CAPITAL) values (23,'남아프리카공화국','프리토리아');
Insert into SYSTEM.TBL_QUIZ (QUIZ_ID,COUNTRY,CAPITAL) values (24,'스위스','베른');
Insert into SYSTEM.TBL_QUIZ (QUIZ_ID,COUNTRY,CAPITAL) values (25,'네덜란드','암스테르담');
Insert into SYSTEM.TBL_QUIZ (QUIZ_ID,COUNTRY,CAPITAL) values (26,'벨기에','브뤼셀');
Insert into SYSTEM.TBL_QUIZ (QUIZ_ID,COUNTRY,CAPITAL) values (27,'스웨덴','스톡홀름');
Insert into SYSTEM.TBL_QUIZ (QUIZ_ID,COUNTRY,CAPITAL) values (28,'노르웨이','오슬로');
Insert into SYSTEM.TBL_QUIZ (QUIZ_ID,COUNTRY,CAPITAL) values (29,'그리스','아테네');
Insert into SYSTEM.TBL_QUIZ (QUIZ_ID,COUNTRY,CAPITAL) values (30,'폴란드','바르샤바');
REM INSERTING into SYSTEM.TBL_STUDENT
SET DEFINE OFF;
REM INSERTING into SYSTEM.TBL_USER
SET DEFINE OFF;
--------------------------------------------------------
--  DDL for Index SYS_C008373
--------------------------------------------------------

  CREATE UNIQUE INDEX "SYSTEM"."SYS_C008373" ON "SYSTEM"."DEPARTMENT" ("DEPTNO") 
  PCTFREE 10 INITRANS 2 MAXTRANS 255 COMPUTE STATISTICS 
  STORAGE(INITIAL 65536 NEXT 1048576 MINEXTENTS 1 MAXEXTENTS 2147483645
  PCTINCREASE 0 FREELISTS 1 FREELIST GROUPS 1
  BUFFER_POOL DEFAULT FLASH_CACHE DEFAULT CELL_FLASH_CACHE DEFAULT)
  TABLESPACE "USERS" ;
--------------------------------------------------------
--  DDL for Index SYS_C008371
--------------------------------------------------------

  CREATE UNIQUE INDEX "SYSTEM"."SYS_C008371" ON "SYSTEM"."PROFESSOR" ("PROFNO") 
  PCTFREE 10 INITRANS 2 MAXTRANS 255 COMPUTE STATISTICS 
  STORAGE(INITIAL 65536 NEXT 1048576 MINEXTENTS 1 MAXEXTENTS 2147483645
  PCTINCREASE 0 FREELISTS 1 FREELIST GROUPS 1
  BUFFER_POOL DEFAULT FLASH_CACHE DEFAULT CELL_FLASH_CACHE DEFAULT)
  TABLESPACE "USERS" ;
--------------------------------------------------------
--  DDL for Index SYS_C008378
--------------------------------------------------------

  CREATE UNIQUE INDEX "SYSTEM"."SYS_C008378" ON "SYSTEM"."STU" ("STUNO") 
  PCTFREE 10 INITRANS 2 MAXTRANS 255 COMPUTE STATISTICS 
  STORAGE(INITIAL 65536 NEXT 1048576 MINEXTENTS 1 MAXEXTENTS 2147483645
  PCTINCREASE 0 FREELISTS 1 FREELIST GROUPS 1
  BUFFER_POOL DEFAULT FLASH_CACHE DEFAULT CELL_FLASH_CACHE DEFAULT)
  TABLESPACE "USERS" ;
--------------------------------------------------------
--  DDL for Index SYS_C008379
--------------------------------------------------------

  CREATE UNIQUE INDEX "SYSTEM"."SYS_C008379" ON "SYSTEM"."STU" ("ID") 
  PCTFREE 10 INITRANS 2 MAXTRANS 255 COMPUTE STATISTICS 
  STORAGE(INITIAL 65536 NEXT 1048576 MINEXTENTS 1 MAXEXTENTS 2147483645
  PCTINCREASE 0 FREELISTS 1 FREELIST GROUPS 1
  BUFFER_POOL DEFAULT FLASH_CACHE DEFAULT CELL_FLASH_CACHE DEFAULT)
  TABLESPACE "USERS" ;
--------------------------------------------------------
--  DDL for Index SYS_C008347
--------------------------------------------------------

  CREATE UNIQUE INDEX "SYSTEM"."SYS_C008347" ON "SYSTEM"."STUDENT" ("STU_NO") 
  PCTFREE 10 INITRANS 2 MAXTRANS 255 COMPUTE STATISTICS 
  STORAGE(INITIAL 65536 NEXT 1048576 MINEXTENTS 1 MAXEXTENTS 2147483645
  PCTINCREASE 0 FREELISTS 1 FREELIST GROUPS 1
  BUFFER_POOL DEFAULT FLASH_CACHE DEFAULT CELL_FLASH_CACHE DEFAULT)
  TABLESPACE "SYSTEM" ;
--------------------------------------------------------
--  DDL for Index SYS_C008315
--------------------------------------------------------

  CREATE UNIQUE INDEX "SYSTEM"."SYS_C008315" ON "SYSTEM"."SUBJECT" ("SUB_NO") 
  PCTFREE 10 INITRANS 2 MAXTRANS 255 COMPUTE STATISTICS 
  STORAGE(INITIAL 65536 NEXT 1048576 MINEXTENTS 1 MAXEXTENTS 2147483645
  PCTINCREASE 0 FREELISTS 1 FREELIST GROUPS 1
  BUFFER_POOL DEFAULT FLASH_CACHE DEFAULT CELL_FLASH_CACHE DEFAULT)
  TABLESPACE "SYSTEM" ;
--------------------------------------------------------
--  DDL for Index TBL_FRUIT_PK
--------------------------------------------------------

  CREATE UNIQUE INDEX "SYSTEM"."TBL_FRUIT_PK" ON "SYSTEM"."TBL_FRUIT" ("NAME") 
  PCTFREE 10 INITRANS 2 MAXTRANS 255 COMPUTE STATISTICS 
  STORAGE(INITIAL 65536 NEXT 1048576 MINEXTENTS 1 MAXEXTENTS 2147483645
  PCTINCREASE 0 FREELISTS 1 FREELIST GROUPS 1
  BUFFER_POOL DEFAULT FLASH_CACHE DEFAULT CELL_FLASH_CACHE DEFAULT)
  TABLESPACE "SYSTEM" ;
--------------------------------------------------------
--  DDL for Index TBL_NOTE_PK
--------------------------------------------------------

  CREATE UNIQUE INDEX "SYSTEM"."TBL_NOTE_PK" ON "SYSTEM"."TBL_NOTE" ("QUIZ_ID") 
  PCTFREE 10 INITRANS 2 MAXTRANS 255 COMPUTE STATISTICS 
  STORAGE(INITIAL 65536 NEXT 1048576 MINEXTENTS 1 MAXEXTENTS 2147483645
  PCTINCREASE 0 FREELISTS 1 FREELIST GROUPS 1
  BUFFER_POOL DEFAULT FLASH_CACHE DEFAULT CELL_FLASH_CACHE DEFAULT)
  TABLESPACE "SYSTEM" ;
--------------------------------------------------------
--  DDL for Index SYS_C008363
--------------------------------------------------------

  CREATE UNIQUE INDEX "SYSTEM"."SYS_C008363" ON "SYSTEM"."TBL_QUIZ" ("QUIZ_ID") 
  PCTFREE 10 INITRANS 2 MAXTRANS 255 
  STORAGE(INITIAL 65536 NEXT 1048576 MINEXTENTS 1 MAXEXTENTS 2147483645
  PCTINCREASE 0 FREELISTS 1 FREELIST GROUPS 1
  BUFFER_POOL DEFAULT FLASH_CACHE DEFAULT CELL_FLASH_CACHE DEFAULT)
  TABLESPACE "SYSTEM" ;
--------------------------------------------------------
--  DDL for Index SYS_C008360
--------------------------------------------------------

  CREATE UNIQUE INDEX "SYSTEM"."SYS_C008360" ON "SYSTEM"."TBL_STUDENT" ("STU_NO") 
  PCTFREE 10 INITRANS 2 MAXTRANS 255 
  STORAGE(INITIAL 65536 NEXT 1048576 MINEXTENTS 1 MAXEXTENTS 2147483645
  PCTINCREASE 0 FREELISTS 1 FREELIST GROUPS 1
  BUFFER_POOL DEFAULT FLASH_CACHE DEFAULT CELL_FLASH_CACHE DEFAULT)
  TABLESPACE "SYSTEM" ;
--------------------------------------------------------
--  DDL for Index SYS_C008335
--------------------------------------------------------

  CREATE UNIQUE INDEX "SYSTEM"."SYS_C008335" ON "SYSTEM"."TBL_USER" ("USERID") 
  PCTFREE 10 INITRANS 2 MAXTRANS 255 COMPUTE STATISTICS 
  STORAGE(INITIAL 65536 NEXT 1048576 MINEXTENTS 1 MAXEXTENTS 2147483645
  PCTINCREASE 0 FREELISTS 1 FREELIST GROUPS 1
  BUFFER_POOL DEFAULT FLASH_CACHE DEFAULT CELL_FLASH_CACHE DEFAULT)
  TABLESPACE "SYSTEM" ;
--------------------------------------------------------
--  Constraints for Table DEPARTMENT
--------------------------------------------------------

  ALTER TABLE "SYSTEM"."DEPARTMENT" MODIFY ("DNAME" NOT NULL ENABLE);
  ALTER TABLE "SYSTEM"."DEPARTMENT" ADD PRIMARY KEY ("DEPTNO")
  USING INDEX PCTFREE 10 INITRANS 2 MAXTRANS 255 COMPUTE STATISTICS 
  STORAGE(INITIAL 65536 NEXT 1048576 MINEXTENTS 1 MAXEXTENTS 2147483645
  PCTINCREASE 0 FREELISTS 1 FREELIST GROUPS 1
  BUFFER_POOL DEFAULT FLASH_CACHE DEFAULT CELL_FLASH_CACHE DEFAULT)
  TABLESPACE "USERS"  ENABLE;
--------------------------------------------------------
--  Constraints for Table EMP
--------------------------------------------------------

  ALTER TABLE "SYSTEM"."EMP" MODIFY ("EMPNO" NOT NULL ENABLE);
--------------------------------------------------------
--  Constraints for Table PROFESSOR
--------------------------------------------------------

  ALTER TABLE "SYSTEM"."PROFESSOR" MODIFY ("NAME" NOT NULL ENABLE);
  ALTER TABLE "SYSTEM"."PROFESSOR" MODIFY ("ID" NOT NULL ENABLE);
  ALTER TABLE "SYSTEM"."PROFESSOR" ADD PRIMARY KEY ("PROFNO")
  USING INDEX PCTFREE 10 INITRANS 2 MAXTRANS 255 COMPUTE STATISTICS 
  STORAGE(INITIAL 65536 NEXT 1048576 MINEXTENTS 1 MAXEXTENTS 2147483645
  PCTINCREASE 0 FREELISTS 1 FREELIST GROUPS 1
  BUFFER_POOL DEFAULT FLASH_CACHE DEFAULT CELL_FLASH_CACHE DEFAULT)
  TABLESPACE "USERS"  ENABLE;
--------------------------------------------------------
--  Constraints for Table STU
--------------------------------------------------------

  ALTER TABLE "SYSTEM"."STU" MODIFY ("NAME" NOT NULL ENABLE);
  ALTER TABLE "SYSTEM"."STU" MODIFY ("ID" NOT NULL ENABLE);
  ALTER TABLE "SYSTEM"."STU" MODIFY ("JUMIN" NOT NULL ENABLE);
  ALTER TABLE "SYSTEM"."STU" ADD CHECK (grade between 1 and 6) ENABLE;
  ALTER TABLE "SYSTEM"."STU" ADD PRIMARY KEY ("STUNO")
  USING INDEX PCTFREE 10 INITRANS 2 MAXTRANS 255 COMPUTE STATISTICS 
  STORAGE(INITIAL 65536 NEXT 1048576 MINEXTENTS 1 MAXEXTENTS 2147483645
  PCTINCREASE 0 FREELISTS 1 FREELIST GROUPS 1
  BUFFER_POOL DEFAULT FLASH_CACHE DEFAULT CELL_FLASH_CACHE DEFAULT)
  TABLESPACE "USERS"  ENABLE;
  ALTER TABLE "SYSTEM"."STU" ADD UNIQUE ("ID")
  USING INDEX PCTFREE 10 INITRANS 2 MAXTRANS 255 COMPUTE STATISTICS 
  STORAGE(INITIAL 65536 NEXT 1048576 MINEXTENTS 1 MAXEXTENTS 2147483645
  PCTINCREASE 0 FREELISTS 1 FREELIST GROUPS 1
  BUFFER_POOL DEFAULT FLASH_CACHE DEFAULT CELL_FLASH_CACHE DEFAULT)
  TABLESPACE "USERS"  ENABLE;
--------------------------------------------------------
--  Constraints for Table STUDENT
--------------------------------------------------------

  ALTER TABLE "SYSTEM"."STUDENT" ADD PRIMARY KEY ("STU_NO")
  USING INDEX PCTFREE 10 INITRANS 2 MAXTRANS 255 COMPUTE STATISTICS 
  STORAGE(INITIAL 65536 NEXT 1048576 MINEXTENTS 1 MAXEXTENTS 2147483645
  PCTINCREASE 0 FREELISTS 1 FREELIST GROUPS 1
  BUFFER_POOL DEFAULT FLASH_CACHE DEFAULT CELL_FLASH_CACHE DEFAULT)
  TABLESPACE "SYSTEM"  ENABLE;
--------------------------------------------------------
--  Constraints for Table SUBJECT
--------------------------------------------------------

  ALTER TABLE "SYSTEM"."SUBJECT" ADD PRIMARY KEY ("SUB_NO")
  USING INDEX PCTFREE 10 INITRANS 2 MAXTRANS 255 COMPUTE STATISTICS 
  STORAGE(INITIAL 65536 NEXT 1048576 MINEXTENTS 1 MAXEXTENTS 2147483645
  PCTINCREASE 0 FREELISTS 1 FREELIST GROUPS 1
  BUFFER_POOL DEFAULT FLASH_CACHE DEFAULT CELL_FLASH_CACHE DEFAULT)
  TABLESPACE "SYSTEM"  ENABLE;
--------------------------------------------------------
--  Constraints for Table TBL_FRUIT
--------------------------------------------------------

  ALTER TABLE "SYSTEM"."TBL_FRUIT" MODIFY ("NAME" NOT NULL ENABLE);
  ALTER TABLE "SYSTEM"."TBL_FRUIT" ADD CONSTRAINT "TBL_FRUIT_PK" PRIMARY KEY ("NAME")
  USING INDEX "SYSTEM"."TBL_FRUIT_PK"  ENABLE;
--------------------------------------------------------
--  Constraints for Table TBL_NOTE
--------------------------------------------------------

  ALTER TABLE "SYSTEM"."TBL_NOTE" MODIFY ("QUIZ_ID" NOT NULL ENABLE);
  ALTER TABLE "SYSTEM"."TBL_NOTE" MODIFY ("USERID" NOT NULL ENABLE);
  ALTER TABLE "SYSTEM"."TBL_NOTE" ADD CONSTRAINT "TBL_NOTE_PK" PRIMARY KEY ("QUIZ_ID")
  USING INDEX "SYSTEM"."TBL_NOTE_PK"  ENABLE;
--------------------------------------------------------
--  Constraints for Table TBL_QUIZ
--------------------------------------------------------

  ALTER TABLE "SYSTEM"."TBL_QUIZ" MODIFY ("COUNTRY" NOT NULL ENABLE);
  ALTER TABLE "SYSTEM"."TBL_QUIZ" MODIFY ("CAPITAL" NOT NULL ENABLE);
  ALTER TABLE "SYSTEM"."TBL_QUIZ" ADD PRIMARY KEY ("QUIZ_ID")
  USING INDEX PCTFREE 10 INITRANS 2 MAXTRANS 255 
  STORAGE(INITIAL 65536 NEXT 1048576 MINEXTENTS 1 MAXEXTENTS 2147483645
  PCTINCREASE 0 FREELISTS 1 FREELIST GROUPS 1
  BUFFER_POOL DEFAULT FLASH_CACHE DEFAULT CELL_FLASH_CACHE DEFAULT)
  TABLESPACE "SYSTEM"  ENABLE;
--------------------------------------------------------
--  Constraints for Table TBL_STUDENT
--------------------------------------------------------

  ALTER TABLE "SYSTEM"."TBL_STUDENT" ADD PRIMARY KEY ("STU_NO")
  USING INDEX PCTFREE 10 INITRANS 2 MAXTRANS 255 
  STORAGE(INITIAL 65536 NEXT 1048576 MINEXTENTS 1 MAXEXTENTS 2147483645
  PCTINCREASE 0 FREELISTS 1 FREELIST GROUPS 1
  BUFFER_POOL DEFAULT FLASH_CACHE DEFAULT CELL_FLASH_CACHE DEFAULT)
  TABLESPACE "SYSTEM"  ENABLE;
--------------------------------------------------------
--  Constraints for Table TBL_USER
--------------------------------------------------------

  ALTER TABLE "SYSTEM"."TBL_USER" MODIFY ("PWD" NOT NULL ENABLE);
  ALTER TABLE "SYSTEM"."TBL_USER" MODIFY ("USERNAME" NOT NULL ENABLE);
  ALTER TABLE "SYSTEM"."TBL_USER" ADD PRIMARY KEY ("USERID")
  USING INDEX PCTFREE 10 INITRANS 2 MAXTRANS 255 COMPUTE STATISTICS 
  STORAGE(INITIAL 65536 NEXT 1048576 MINEXTENTS 1 MAXEXTENTS 2147483645
  PCTINCREASE 0 FREELISTS 1 FREELIST GROUPS 1
  BUFFER_POOL DEFAULT FLASH_CACHE DEFAULT CELL_FLASH_CACHE DEFAULT)
  TABLESPACE "SYSTEM"  ENABLE;
--------------------------------------------------------
--  Ref Constraints for Table ENROL
--------------------------------------------------------

  ALTER TABLE "SYSTEM"."ENROL" ADD FOREIGN KEY ("SUB_NO")
	  REFERENCES "SYSTEM"."SUBJECT" ("SUB_NO") ENABLE;
  ALTER TABLE "SYSTEM"."ENROL" ADD FOREIGN KEY ("STU_NO")
	  REFERENCES "SYSTEM"."STUDENT" ("STU_NO") ENABLE;
