--------------------------------------------------------
--  파일이 생성됨 - 목요일-3월-05-2026   
--------------------------------------------------------
--------------------------------------------------------
--  DDL for Table BOARD
--------------------------------------------------------

  CREATE TABLE "SYSTEM"."BOARD" 
   (	"BOARDNO" NUMBER, 
	"TITLE" VARCHAR2(100 BYTE), 
	"CONTENTS" VARCHAR2(300 BYTE), 
	"CDATETIME" DATE, 
	"UDATETIME" DATE
   ) PCTFREE 10 PCTUSED 40 INITRANS 1 MAXTRANS 255 
 NOCOMPRESS LOGGING
  STORAGE(INITIAL 65536 NEXT 1048576 MINEXTENTS 1 MAXEXTENTS 2147483645
  PCTINCREASE 0 FREELISTS 1 FREELIST GROUPS 1
  BUFFER_POOL DEFAULT FLASH_CACHE DEFAULT CELL_FLASH_CACHE DEFAULT)
  TABLESPACE "SYSTEM" ;
--------------------------------------------------------
--  DDL for Table BOOK
--------------------------------------------------------

  CREATE TABLE "SYSTEM"."BOOK" 
   (	"BOOKID" NUMBER(2,0), 
	"BOOKNAME" VARCHAR2(40 BYTE), 
	"PUBLISHER" VARCHAR2(40 BYTE), 
	"PRICE" NUMBER(8,0)
   ) PCTFREE 10 PCTUSED 40 INITRANS 1 MAXTRANS 255 
 NOCOMPRESS LOGGING
  STORAGE(INITIAL 65536 NEXT 1048576 MINEXTENTS 1 MAXEXTENTS 2147483645
  PCTINCREASE 0 FREELISTS 1 FREELIST GROUPS 1
  BUFFER_POOL DEFAULT FLASH_CACHE DEFAULT CELL_FLASH_CACHE DEFAULT)
  TABLESPACE "SYSTEM" ;
--------------------------------------------------------
--  DDL for Table CUSTOMER
--------------------------------------------------------

  CREATE TABLE "SYSTEM"."CUSTOMER" 
   (	"CUSTID" NUMBER(2,0), 
	"NAME" VARCHAR2(40 BYTE), 
	"ADDRESS" VARCHAR2(50 BYTE), 
	"PHONE" VARCHAR2(20 BYTE)
   ) PCTFREE 10 PCTUSED 40 INITRANS 1 MAXTRANS 255 
 NOCOMPRESS LOGGING
  STORAGE(INITIAL 65536 NEXT 1048576 MINEXTENTS 1 MAXEXTENTS 2147483645
  PCTINCREASE 0 FREELISTS 1 FREELIST GROUPS 1
  BUFFER_POOL DEFAULT FLASH_CACHE DEFAULT CELL_FLASH_CACHE DEFAULT)
  TABLESPACE "SYSTEM" ;
--------------------------------------------------------
--  DDL for Table DEPARTMENT
--------------------------------------------------------

  CREATE TABLE "SYSTEM"."DEPARTMENT" 
   (	"DEPTNO" NUMBER(3,0), 
	"DNAME" VARCHAR2(25 BYTE), 
	"PART" NUMBER(3,0), 
	"BUILD" VARCHAR2(20 BYTE)
   ) PCTFREE 10 PCTUSED 40 INITRANS 1 MAXTRANS 255 
 NOCOMPRESS LOGGING
  STORAGE(INITIAL 65536 NEXT 1048576 MINEXTENTS 1 MAXEXTENTS 2147483645
  PCTINCREASE 0 FREELISTS 1 FREELIST GROUPS 1
  BUFFER_POOL DEFAULT FLASH_CACHE DEFAULT CELL_FLASH_CACHE DEFAULT)
  TABLESPACE "USERS" ;
--------------------------------------------------------
--  DDL for Table DEPT
--------------------------------------------------------

  CREATE TABLE "SYSTEM"."DEPT" 
   (	"DEPTNO" NUMBER(2,0), 
	"DNAME" VARCHAR2(14 BYTE), 
	"LOC" VARCHAR2(13 BYTE)
   ) PCTFREE 10 PCTUSED 40 INITRANS 1 MAXTRANS 255 
 NOCOMPRESS LOGGING
  STORAGE(INITIAL 65536 NEXT 1048576 MINEXTENTS 1 MAXEXTENTS 2147483645
  PCTINCREASE 0 FREELISTS 1 FREELIST GROUPS 1
  BUFFER_POOL DEFAULT FLASH_CACHE DEFAULT CELL_FLASH_CACHE DEFAULT)
  TABLESPACE "SYSTEM" ;
--------------------------------------------------------
--  DDL for Table EMP
--------------------------------------------------------

  CREATE TABLE "SYSTEM"."EMP" 
   (	"EMPNO" NUMBER(4,0), 
	"ENAME" VARCHAR2(10 BYTE), 
	"JOB" VARCHAR2(9 BYTE), 
	"MGR" NUMBER(4,0), 
	"HIREDATE" DATE, 
	"SAL" NUMBER(7,2), 
	"COMM" NUMBER(7,2), 
	"DEPTNO" NUMBER(2,0)
   ) PCTFREE 10 PCTUSED 40 INITRANS 1 MAXTRANS 255 
 NOCOMPRESS LOGGING
  STORAGE(INITIAL 65536 NEXT 1048576 MINEXTENTS 1 MAXEXTENTS 2147483645
  PCTINCREASE 0 FREELISTS 1 FREELIST GROUPS 1
  BUFFER_POOL DEFAULT FLASH_CACHE DEFAULT CELL_FLASH_CACHE DEFAULT)
  TABLESPACE "SYSTEM" ;
--------------------------------------------------------
--  DDL for Table ENROL
--------------------------------------------------------

  CREATE TABLE "SYSTEM"."ENROL" 
   (	"SUB_NO" CHAR(3 BYTE), 
	"STU_NO" CHAR(8 BYTE), 
	"ENR_GRADE" NUMBER
   ) PCTFREE 10 PCTUSED 40 INITRANS 1 MAXTRANS 255 
 NOCOMPRESS LOGGING
  STORAGE(INITIAL 65536 NEXT 1048576 MINEXTENTS 1 MAXEXTENTS 2147483645
  PCTINCREASE 0 FREELISTS 1 FREELIST GROUPS 1
  BUFFER_POOL DEFAULT FLASH_CACHE DEFAULT CELL_FLASH_CACHE DEFAULT)
  TABLESPACE "SYSTEM" ;
--------------------------------------------------------
--  DDL for Table MEMBER
--------------------------------------------------------

  CREATE TABLE "SYSTEM"."MEMBER" 
   (	"MEMBER_ID" VARCHAR2(30 BYTE), 
	"PASSWORD" VARCHAR2(200 BYTE), 
	"MEMBER_NAME" VARCHAR2(100 BYTE), 
	"EMAIL" VARCHAR2(200 BYTE), 
	"PHONE" VARCHAR2(20 BYTE), 
	"STATUS" VARCHAR2(20 BYTE), 
	"CDATETIME" DATE DEFAULT SYSDATE, 
	"UDATETIME" DATE
   ) PCTFREE 10 PCTUSED 40 INITRANS 1 MAXTRANS 255 
 NOCOMPRESS LOGGING
  STORAGE(INITIAL 65536 NEXT 1048576 MINEXTENTS 1 MAXEXTENTS 2147483645
  PCTINCREASE 0 FREELISTS 1 FREELIST GROUPS 1
  BUFFER_POOL DEFAULT FLASH_CACHE DEFAULT CELL_FLASH_CACHE DEFAULT)
  TABLESPACE "SYSTEM" ;
--------------------------------------------------------
--  DDL for Table MEMBER_POINT
--------------------------------------------------------

  CREATE TABLE "SYSTEM"."MEMBER_POINT" 
   (	"POINT_ID" NUMBER, 
	"MEMBER_ID" VARCHAR2(30 BYTE), 
	"POINT_AMOUNT" NUMBER, 
	"DESCRIPTION" VARCHAR2(200 BYTE), 
	"CDATETIME" DATE DEFAULT SYSDATE       -- 포인트 발생 일시

   ) PCTFREE 10 PCTUSED 40 INITRANS 1 MAXTRANS 255 
 NOCOMPRESS LOGGING
  STORAGE(INITIAL 65536 NEXT 1048576 MINEXTENTS 1 MAXEXTENTS 2147483645
  PCTINCREASE 0 FREELISTS 1 FREELIST GROUPS 1
  BUFFER_POOL DEFAULT FLASH_CACHE DEFAULT CELL_FLASH_CACHE DEFAULT)
  TABLESPACE "SYSTEM" ;
--------------------------------------------------------
--  DDL for Table ORDERS
--------------------------------------------------------

  CREATE TABLE "SYSTEM"."ORDERS" 
   (	"ORDERID" NUMBER(2,0), 
	"CUSTID" NUMBER(2,0), 
	"BOOKID" NUMBER(2,0), 
	"SALEPRICE" NUMBER(8,0), 
	"ORDERDATE" DATE
   ) PCTFREE 10 PCTUSED 40 INITRANS 1 MAXTRANS 255 
 NOCOMPRESS LOGGING
  STORAGE(INITIAL 65536 NEXT 1048576 MINEXTENTS 1 MAXEXTENTS 2147483645
  PCTINCREASE 0 FREELISTS 1 FREELIST GROUPS 1
  BUFFER_POOL DEFAULT FLASH_CACHE DEFAULT CELL_FLASH_CACHE DEFAULT)
  TABLESPACE "SYSTEM" ;
--------------------------------------------------------
--  DDL for Table PRODUCT
--------------------------------------------------------

  CREATE TABLE "SYSTEM"."PRODUCT" 
   (	"PRODUCT_ID" NUMBER, 
	"PRODUCT_NAME" VARCHAR2(200 BYTE), 
	"BRAND" VARCHAR2(100 BYTE), 
	"CATEGORY" VARCHAR2(100 BYTE), 
	"MODEL_NAME" VARCHAR2(100 BYTE), 
	"PRICE" NUMBER, 
	"STOCK_QTY" NUMBER, 
	"DESCRIPTION" VARCHAR2(1000 BYTE), 
	"RELEASE_DATE" DATE, 
	"STATUS" VARCHAR2(20 BYTE), 
	"CDATETIME" DATE DEFAULT SYSDATE, 
	"UDATETIME" DATE
   ) PCTFREE 10 PCTUSED 40 INITRANS 1 MAXTRANS 255 
 NOCOMPRESS LOGGING
  STORAGE(INITIAL 65536 NEXT 1048576 MINEXTENTS 1 MAXEXTENTS 2147483645
  PCTINCREASE 0 FREELISTS 1 FREELIST GROUPS 1
  BUFFER_POOL DEFAULT FLASH_CACHE DEFAULT CELL_FLASH_CACHE DEFAULT)
  TABLESPACE "SYSTEM" ;
--------------------------------------------------------
--  DDL for Table PRODUCT_ORDERS
--------------------------------------------------------

  CREATE TABLE "SYSTEM"."PRODUCT_ORDERS" 
   (	"ORDER_ID" NUMBER, 
	"MEMBER_ID" VARCHAR2(30 BYTE), 
	"PRODUCT_ID" NUMBER, 
	"ORDER_QTY" NUMBER, 
	"ORDER_PRICE" NUMBER, 
	"ORDER_STATUS" VARCHAR2(20 BYTE), 
	"ORDER_DATE" DATE DEFAULT SYSDATE, 
	"DELIVERY_ADDR" VARCHAR2(500 BYTE), 
	"DELIVERY_STATUS" VARCHAR2(20 BYTE)
   ) PCTFREE 10 PCTUSED 40 INITRANS 1 MAXTRANS 255 
 NOCOMPRESS LOGGING
  STORAGE(INITIAL 65536 NEXT 1048576 MINEXTENTS 1 MAXEXTENTS 2147483645
  PCTINCREASE 0 FREELISTS 1 FREELIST GROUPS 1
  BUFFER_POOL DEFAULT FLASH_CACHE DEFAULT CELL_FLASH_CACHE DEFAULT)
  TABLESPACE "SYSTEM" ;
--------------------------------------------------------
--  DDL for Table PROFESSOR
--------------------------------------------------------

  CREATE TABLE "SYSTEM"."PROFESSOR" 
   (	"PROFNO" NUMBER(4,0), 
	"NAME" VARCHAR2(10 BYTE), 
	"ID" VARCHAR2(15 BYTE), 
	"POSITION" VARCHAR2(15 BYTE), 
	"PAY" NUMBER(3,0), 
	"HIREDATE" DATE, 
	"BONUS" NUMBER(4,0), 
	"DEPTNO" NUMBER(3,0), 
	"EMAIL" VARCHAR2(50 BYTE), 
	"HPAGE" VARCHAR2(50 BYTE)
   ) PCTFREE 10 PCTUSED 40 INITRANS 1 MAXTRANS 255 
 NOCOMPRESS LOGGING
  STORAGE(INITIAL 65536 NEXT 1048576 MINEXTENTS 1 MAXEXTENTS 2147483645
  PCTINCREASE 0 FREELISTS 1 FREELIST GROUPS 1
  BUFFER_POOL DEFAULT FLASH_CACHE DEFAULT CELL_FLASH_CACHE DEFAULT)
  TABLESPACE "USERS" ;
--------------------------------------------------------
--  DDL for Table SALGRADE
--------------------------------------------------------

  CREATE TABLE "SYSTEM"."SALGRADE" 
   (	"GRADE" NUMBER, 
	"LOSAL" NUMBER, 
	"HISAL" NUMBER
   ) PCTFREE 10 PCTUSED 40 INITRANS 1 MAXTRANS 255 
 NOCOMPRESS LOGGING
  STORAGE(INITIAL 65536 NEXT 1048576 MINEXTENTS 1 MAXEXTENTS 2147483645
  PCTINCREASE 0 FREELISTS 1 FREELIST GROUPS 1
  BUFFER_POOL DEFAULT FLASH_CACHE DEFAULT CELL_FLASH_CACHE DEFAULT)
  TABLESPACE "SYSTEM" ;
--------------------------------------------------------
--  DDL for Table STU
--------------------------------------------------------

  CREATE TABLE "SYSTEM"."STU" 
   (	"STUNO" NUMBER(4,0), 
	"NAME" VARCHAR2(10 BYTE), 
	"ID" VARCHAR2(20 BYTE), 
	"GRADE" NUMBER, 
	"JUMIN" CHAR(13 BYTE), 
	"BIRTHDAY" DATE, 
	"TEL" VARCHAR2(15 BYTE), 
	"HEIGHT" NUMBER(4,0), 
	"WEIGHT" NUMBER(3,0), 
	"DEPTNO1" NUMBER(3,0), 
	"DEPTNO2" NUMBER(3,0), 
	"PROFNO" NUMBER(4,0)
   ) PCTFREE 10 PCTUSED 40 INITRANS 1 MAXTRANS 255 
 NOCOMPRESS LOGGING
  STORAGE(INITIAL 65536 NEXT 1048576 MINEXTENTS 1 MAXEXTENTS 2147483645
  PCTINCREASE 0 FREELISTS 1 FREELIST GROUPS 1
  BUFFER_POOL DEFAULT FLASH_CACHE DEFAULT CELL_FLASH_CACHE DEFAULT)
  TABLESPACE "USERS" ;
--------------------------------------------------------
--  DDL for Table STUDENT
--------------------------------------------------------

  CREATE TABLE "SYSTEM"."STUDENT" 
   (	"STU_NO" CHAR(8 BYTE), 
	"STU_NAME" VARCHAR2(12 BYTE), 
	"STU_DEPT" VARCHAR2(20 BYTE), 
	"STU_GRADE" NUMBER, 
	"STU_CLASS" CHAR(1 BYTE), 
	"STU_GENDER" CHAR(1 BYTE), 
	"STU_HEIGHT" NUMBER, 
	"STU_WEIGHT" NUMBER
   ) PCTFREE 10 PCTUSED 40 INITRANS 1 MAXTRANS 255 
 NOCOMPRESS LOGGING
  STORAGE(INITIAL 65536 NEXT 1048576 MINEXTENTS 1 MAXEXTENTS 2147483645
  PCTINCREASE 0 FREELISTS 1 FREELIST GROUPS 1
  BUFFER_POOL DEFAULT FLASH_CACHE DEFAULT CELL_FLASH_CACHE DEFAULT)
  TABLESPACE "SYSTEM" ;
--------------------------------------------------------
--  DDL for Table SUBJECT
--------------------------------------------------------

  CREATE TABLE "SYSTEM"."SUBJECT" 
   (	"SUB_NO" CHAR(3 BYTE), 
	"SUB_NAME" VARCHAR2(30 BYTE), 
	"SUB_PROF" VARCHAR2(12 BYTE), 
	"SUB_GRADE" NUMBER, 
	"SUB_DEPT" VARCHAR2(20 BYTE)
   ) PCTFREE 10 PCTUSED 40 INITRANS 1 MAXTRANS 255 
 NOCOMPRESS LOGGING
  STORAGE(INITIAL 65536 NEXT 1048576 MINEXTENTS 1 MAXEXTENTS 2147483645
  PCTINCREASE 0 FREELISTS 1 FREELIST GROUPS 1
  BUFFER_POOL DEFAULT FLASH_CACHE DEFAULT CELL_FLASH_CACHE DEFAULT)
  TABLESPACE "SYSTEM" ;
--------------------------------------------------------
--  DDL for Table TBL_ASSIGNMENT
--------------------------------------------------------

  CREATE TABLE "SYSTEM"."TBL_ASSIGNMENT" 
   (	"EMP_ID" CHAR(5 BYTE), 
	"PROJ_ID" CHAR(4 BYTE), 
	"ROLE" VARCHAR2(20 BYTE), 
	"HOURS_PER_WEEK" NUMBER(3,0)
   ) PCTFREE 10 PCTUSED 40 INITRANS 1 MAXTRANS 255 
 NOCOMPRESS LOGGING
  STORAGE(INITIAL 65536 NEXT 1048576 MINEXTENTS 1 MAXEXTENTS 2147483645
  PCTINCREASE 0 FREELISTS 1 FREELIST GROUPS 1
  BUFFER_POOL DEFAULT FLASH_CACHE DEFAULT CELL_FLASH_CACHE DEFAULT)
  TABLESPACE "SYSTEM" ;
--------------------------------------------------------
--  DDL for Table TBL_BOARD
--------------------------------------------------------

  CREATE TABLE "SYSTEM"."TBL_BOARD" 
   (	"BOARDNO" NUMBER, 
	"USERID" VARCHAR2(20 BYTE), 
	"TITLE" VARCHAR2(100 BYTE), 
	"CONTENTS" VARCHAR2(300 BYTE), 
	"CNT" NUMBER, 
	"KIND" CHAR(1 BYTE), 
	"CDATETIME" DATE, 
	"UDATETIME" DATE
   ) PCTFREE 10 PCTUSED 40 INITRANS 1 MAXTRANS 255 
 NOCOMPRESS LOGGING
  STORAGE(INITIAL 65536 NEXT 1048576 MINEXTENTS 1 MAXEXTENTS 2147483645
  PCTINCREASE 0 FREELISTS 1 FREELIST GROUPS 1
  BUFFER_POOL DEFAULT FLASH_CACHE DEFAULT CELL_FLASH_CACHE DEFAULT)
  TABLESPACE "SYSTEM" ;
--------------------------------------------------------
--  DDL for Table TBL_COMMENT
--------------------------------------------------------

  CREATE TABLE "SYSTEM"."TBL_COMMENT" 
   (	"COMMENTNO" NUMBER, 
	"BOARDNO" NUMBER, 
	"USERID" VARCHAR2(20 BYTE), 
	"CONTENTS" VARCHAR2(300 BYTE), 
	"P_COMMENTNO" NUMBER, 
	"CDATETIME" DATE, 
	"UDATETIME" DATE
   ) PCTFREE 10 PCTUSED 40 INITRANS 1 MAXTRANS 255 
 NOCOMPRESS LOGGING
  STORAGE(INITIAL 65536 NEXT 1048576 MINEXTENTS 1 MAXEXTENTS 2147483645
  PCTINCREASE 0 FREELISTS 1 FREELIST GROUPS 1
  BUFFER_POOL DEFAULT FLASH_CACHE DEFAULT CELL_FLASH_CACHE DEFAULT)
  TABLESPACE "SYSTEM" ;
--------------------------------------------------------
--  DDL for Table TBL_DEPT
--------------------------------------------------------

  CREATE TABLE "SYSTEM"."TBL_DEPT" 
   (	"DEPT_ID" CHAR(3 BYTE), 
	"DEPT_NAME" VARCHAR2(30 BYTE), 
	"LOCATION" VARCHAR2(20 BYTE), 
	"HEAD_ID" CHAR(5 BYTE)
   ) PCTFREE 10 PCTUSED 40 INITRANS 1 MAXTRANS 255 
 NOCOMPRESS LOGGING
  STORAGE(INITIAL 65536 NEXT 1048576 MINEXTENTS 1 MAXEXTENTS 2147483645
  PCTINCREASE 0 FREELISTS 1 FREELIST GROUPS 1
  BUFFER_POOL DEFAULT FLASH_CACHE DEFAULT CELL_FLASH_CACHE DEFAULT)
  TABLESPACE "SYSTEM" ;
--------------------------------------------------------
--  DDL for Table TBL_EMP
--------------------------------------------------------

  CREATE TABLE "SYSTEM"."TBL_EMP" 
   (	"EMP_ID" CHAR(5 BYTE), 
	"EMP_NAME" VARCHAR2(20 BYTE), 
	"JOB_TITLE" VARCHAR2(20 BYTE), 
	"MANAGER_ID" CHAR(5 BYTE), 
	"HIRE_DATE" DATE, 
	"SALARY" NUMBER, 
	"DEPT_ID" CHAR(3 BYTE)
   ) PCTFREE 10 PCTUSED 40 INITRANS 1 MAXTRANS 255 
 NOCOMPRESS LOGGING
  STORAGE(INITIAL 65536 NEXT 1048576 MINEXTENTS 1 MAXEXTENTS 2147483645
  PCTINCREASE 0 FREELISTS 1 FREELIST GROUPS 1
  BUFFER_POOL DEFAULT FLASH_CACHE DEFAULT CELL_FLASH_CACHE DEFAULT)
  TABLESPACE "SYSTEM" ;
--------------------------------------------------------
--  DDL for Table TBL_FRUIT
--------------------------------------------------------

  CREATE TABLE "SYSTEM"."TBL_FRUIT" 
   (	"NAME" VARCHAR2(30 BYTE), 
	"PRICE" NUMBER, 
	"COUNT" NUMBER
   ) PCTFREE 10 PCTUSED 40 INITRANS 1 MAXTRANS 255 
 NOCOMPRESS LOGGING
  STORAGE(INITIAL 65536 NEXT 1048576 MINEXTENTS 1 MAXEXTENTS 2147483645
  PCTINCREASE 0 FREELISTS 1 FREELIST GROUPS 1
  BUFFER_POOL DEFAULT FLASH_CACHE DEFAULT CELL_FLASH_CACHE DEFAULT)
  TABLESPACE "SYSTEM" ;
--------------------------------------------------------
--  DDL for Table TBL_NOTE
--------------------------------------------------------

  CREATE TABLE "SYSTEM"."TBL_NOTE" 
   (	"USERID" VARCHAR2(30 BYTE), 
	"QUIZ_ID" NUMBER, 
	"COUNTRY" VARCHAR2(100 BYTE), 
	"CAPITAL" VARCHAR2(100 BYTE)
   ) PCTFREE 10 PCTUSED 40 INITRANS 1 MAXTRANS 255 
 NOCOMPRESS LOGGING
  STORAGE(INITIAL 65536 NEXT 1048576 MINEXTENTS 1 MAXEXTENTS 2147483645
  PCTINCREASE 0 FREELISTS 1 FREELIST GROUPS 1
  BUFFER_POOL DEFAULT FLASH_CACHE DEFAULT CELL_FLASH_CACHE DEFAULT)
  TABLESPACE "SYSTEM" ;
--------------------------------------------------------
--  DDL for Table TBL_PROJECT
--------------------------------------------------------

  CREATE TABLE "SYSTEM"."TBL_PROJECT" 
   (	"PROJ_ID" CHAR(4 BYTE), 
	"PROJ_NAME" VARCHAR2(30 BYTE), 
	"START_DATE" DATE, 
	"END_DATE" DATE, 
	"BUDGET" NUMBER(10,2), 
	"DEPT_ID" CHAR(3 BYTE)
   ) PCTFREE 10 PCTUSED 40 INITRANS 1 MAXTRANS 255 
 NOCOMPRESS LOGGING
  STORAGE(INITIAL 65536 NEXT 1048576 MINEXTENTS 1 MAXEXTENTS 2147483645
  PCTINCREASE 0 FREELISTS 1 FREELIST GROUPS 1
  BUFFER_POOL DEFAULT FLASH_CACHE DEFAULT CELL_FLASH_CACHE DEFAULT)
  TABLESPACE "SYSTEM" ;
--------------------------------------------------------
--  DDL for Table TBL_QUIZ
--------------------------------------------------------

  CREATE TABLE "SYSTEM"."TBL_QUIZ" 
   (	"QUIZ_ID" NUMBER, 
	"COUNTRY" VARCHAR2(100 BYTE), 
	"CAPITAL" VARCHAR2(100 BYTE)
   ) PCTFREE 10 PCTUSED 40 INITRANS 1 MAXTRANS 255 
 NOCOMPRESS LOGGING
  STORAGE(INITIAL 65536 NEXT 1048576 MINEXTENTS 1 MAXEXTENTS 2147483645
  PCTINCREASE 0 FREELISTS 1 FREELIST GROUPS 1
  BUFFER_POOL DEFAULT FLASH_CACHE DEFAULT CELL_FLASH_CACHE DEFAULT)
  TABLESPACE "SYSTEM" ;
--------------------------------------------------------
--  DDL for Table TBL_STUDENT
--------------------------------------------------------

  CREATE TABLE "SYSTEM"."TBL_STUDENT" 
   (	"STU_NO" CHAR(4 BYTE), 
	"STU_NAME" VARCHAR2(20 BYTE), 
	"STU_DEPT" VARCHAR2(50 BYTE), 
	"JAVA" NUMBER, 
	"ORACLE" NUMBER, 
	"HTML" NUMBER
   ) PCTFREE 10 PCTUSED 40 INITRANS 1 MAXTRANS 255 
 NOCOMPRESS LOGGING
  STORAGE(INITIAL 65536 NEXT 1048576 MINEXTENTS 1 MAXEXTENTS 2147483645
  PCTINCREASE 0 FREELISTS 1 FREELIST GROUPS 1
  BUFFER_POOL DEFAULT FLASH_CACHE DEFAULT CELL_FLASH_CACHE DEFAULT)
  TABLESPACE "SYSTEM" ;
--------------------------------------------------------
--  DDL for Table TBL_USER
--------------------------------------------------------

  CREATE TABLE "SYSTEM"."TBL_USER" 
   (	"USERID" VARCHAR2(20 BYTE), 
	"PWD" VARCHAR2(100 BYTE), 
	"USERNAME" VARCHAR2(20 BYTE), 
	"BIRTH" DATE, 
	"PHONE" VARCHAR2(20 BYTE), 
	"GENDER" CHAR(1 BYTE), 
	"EMAIL" VARCHAR2(30 BYTE), 
	"RECOMMID" VARCHAR2(20 BYTE), 
	"CDATETIME" DATE
   ) PCTFREE 10 PCTUSED 40 INITRANS 1 MAXTRANS 255 
 NOCOMPRESS LOGGING
  STORAGE(INITIAL 65536 NEXT 1048576 MINEXTENTS 1 MAXEXTENTS 2147483645
  PCTINCREASE 0 FREELISTS 1 FREELIST GROUPS 1
  BUFFER_POOL DEFAULT FLASH_CACHE DEFAULT CELL_FLASH_CACHE DEFAULT)
  TABLESPACE "SYSTEM" ;
REM INSERTING into SYSTEM.BOARD
SET DEFINE OFF;
Insert into SYSTEM.BOARD (BOARDNO,TITLE,CONTENTS,CDATETIME,UDATETIME) values (1,'첫번째 게시글','안녕?',to_date('26/03/03','RR/MM/DD'),to_date('26/03/03','RR/MM/DD'));
Insert into SYSTEM.BOARD (BOARDNO,TITLE,CONTENTS,CDATETIME,UDATETIME) values (2,'두번째 게시글','안녕?',to_date('26/03/03','RR/MM/DD'),to_date('26/03/03','RR/MM/DD'));
Insert into SYSTEM.BOARD (BOARDNO,TITLE,CONTENTS,CDATETIME,UDATETIME) values (3,'333 게시글','안녕?',to_date('26/03/03','RR/MM/DD'),to_date('26/03/03','RR/MM/DD'));
REM INSERTING into SYSTEM.BOOK
SET DEFINE OFF;
Insert into SYSTEM.BOOK (BOOKID,BOOKNAME,PUBLISHER,PRICE) values (1,'축구의 역사','굿스포츠',7000);
Insert into SYSTEM.BOOK (BOOKID,BOOKNAME,PUBLISHER,PRICE) values (2,'축구아는 여자','나무수',13000);
Insert into SYSTEM.BOOK (BOOKID,BOOKNAME,PUBLISHER,PRICE) values (3,'축구의 이해','대한미디어',22000);
Insert into SYSTEM.BOOK (BOOKID,BOOKNAME,PUBLISHER,PRICE) values (4,'골프 바이블','대한미디어',35000);
Insert into SYSTEM.BOOK (BOOKID,BOOKNAME,PUBLISHER,PRICE) values (5,'피겨 교본','굿스포츠',8000);
Insert into SYSTEM.BOOK (BOOKID,BOOKNAME,PUBLISHER,PRICE) values (6,'역도 단계별기술','굿스포츠',6000);
Insert into SYSTEM.BOOK (BOOKID,BOOKNAME,PUBLISHER,PRICE) values (7,'야구의 추억','이상미디어',20000);
Insert into SYSTEM.BOOK (BOOKID,BOOKNAME,PUBLISHER,PRICE) values (8,'야구를 부탁해','이상미디어',13000);
Insert into SYSTEM.BOOK (BOOKID,BOOKNAME,PUBLISHER,PRICE) values (9,'올림픽 이야기','삼성당',7500);
Insert into SYSTEM.BOOK (BOOKID,BOOKNAME,PUBLISHER,PRICE) values (10,'Olympic Champions','Pearson',13000);
REM INSERTING into SYSTEM.CUSTOMER
SET DEFINE OFF;
Insert into SYSTEM.CUSTOMER (CUSTID,NAME,ADDRESS,PHONE) values (1,'박지성','영국 맨체스타','000-5000-0001');
Insert into SYSTEM.CUSTOMER (CUSTID,NAME,ADDRESS,PHONE) values (2,'김연아','대한민국 서울','000-6000-0001');
Insert into SYSTEM.CUSTOMER (CUSTID,NAME,ADDRESS,PHONE) values (3,'장미란','대한민국 강원도','000-7000-0001');
Insert into SYSTEM.CUSTOMER (CUSTID,NAME,ADDRESS,PHONE) values (4,'추신수','미국 클리블랜드','000-8000-0001');
Insert into SYSTEM.CUSTOMER (CUSTID,NAME,ADDRESS,PHONE) values (5,'박세리','대한민국 대전',null);
REM INSERTING into SYSTEM.DEPARTMENT
SET DEFINE OFF;
Insert into SYSTEM.DEPARTMENT (DEPTNO,DNAME,PART,BUILD) values (101,'컴퓨터공학과',100,'정보관');
Insert into SYSTEM.DEPARTMENT (DEPTNO,DNAME,PART,BUILD) values (102,'멀티미디어공학과',100,'멀티미디어관');
Insert into SYSTEM.DEPARTMENT (DEPTNO,DNAME,PART,BUILD) values (103,'소프트웨어공학과',100,'소프트웨어관');
Insert into SYSTEM.DEPARTMENT (DEPTNO,DNAME,PART,BUILD) values (201,'전자공학과',200,'전자제어관');
Insert into SYSTEM.DEPARTMENT (DEPTNO,DNAME,PART,BUILD) values (202,'기계공학과',200,'기계실험관');
Insert into SYSTEM.DEPARTMENT (DEPTNO,DNAME,PART,BUILD) values (203,'화학공학과',200,'화학실습관');
Insert into SYSTEM.DEPARTMENT (DEPTNO,DNAME,PART,BUILD) values (301,'문헌정보학과',300,'인문관');
Insert into SYSTEM.DEPARTMENT (DEPTNO,DNAME,PART,BUILD) values (100,'컴퓨터정보학부',10,null);
Insert into SYSTEM.DEPARTMENT (DEPTNO,DNAME,PART,BUILD) values (200,'메카트로닉스학부',10,null);
Insert into SYSTEM.DEPARTMENT (DEPTNO,DNAME,PART,BUILD) values (300,'인문사회학부',20,null);
Insert into SYSTEM.DEPARTMENT (DEPTNO,DNAME,PART,BUILD) values (10,'공과대학',null,null);
Insert into SYSTEM.DEPARTMENT (DEPTNO,DNAME,PART,BUILD) values (20,'인문대학',null,null);
REM INSERTING into SYSTEM.DEPT
SET DEFINE OFF;
Insert into SYSTEM.DEPT (DEPTNO,DNAME,LOC) values (10,'ACCOUNTING','NEW YORK');
Insert into SYSTEM.DEPT (DEPTNO,DNAME,LOC) values (20,'RESEARCH','DALLAS');
Insert into SYSTEM.DEPT (DEPTNO,DNAME,LOC) values (30,'SALES','CHICAGO');
Insert into SYSTEM.DEPT (DEPTNO,DNAME,LOC) values (40,'OPERATIONS','BOSTON');
REM INSERTING into SYSTEM.EMP
SET DEFINE OFF;
Insert into SYSTEM.EMP (EMPNO,ENAME,JOB,MGR,HIREDATE,SAL,COMM,DEPTNO) values (7369,'SMITH','CLERK',7902,to_date('80/12/17','RR/MM/DD'),840,null,20);
Insert into SYSTEM.EMP (EMPNO,ENAME,JOB,MGR,HIREDATE,SAL,COMM,DEPTNO) values (7499,'ALLEN','SALESMAN',7698,to_date('81/02/20','RR/MM/DD'),1600,300,30);
Insert into SYSTEM.EMP (EMPNO,ENAME,JOB,MGR,HIREDATE,SAL,COMM,DEPTNO) values (7521,'WARD','SALESMAN',7698,to_date('81/02/22','RR/MM/DD'),1250,500,30);
Insert into SYSTEM.EMP (EMPNO,ENAME,JOB,MGR,HIREDATE,SAL,COMM,DEPTNO) values (7566,'JONES','MANAGER',7839,to_date('81/04/02','RR/MM/DD'),1500,null,20);
Insert into SYSTEM.EMP (EMPNO,ENAME,JOB,MGR,HIREDATE,SAL,COMM,DEPTNO) values (7654,'MARTIN','SALESMAN',7698,to_date('81/09/28','RR/MM/DD'),2450,1400,30);
Insert into SYSTEM.EMP (EMPNO,ENAME,JOB,MGR,HIREDATE,SAL,COMM,DEPTNO) values (7698,'BLAKE','MANAGER',7839,to_date('81/05/01','RR/MM/DD'),2850,null,30);
Insert into SYSTEM.EMP (EMPNO,ENAME,JOB,MGR,HIREDATE,SAL,COMM,DEPTNO) values (7782,'CLARK','MANAGER',7839,to_date('81/06/09','RR/MM/DD'),3000,null,10);
Insert into SYSTEM.EMP (EMPNO,ENAME,JOB,MGR,HIREDATE,SAL,COMM,DEPTNO) values (7788,'SCOTT','ANALYST',7566,to_date('82/12/09','RR/MM/DD'),3000,null,20);
Insert into SYSTEM.EMP (EMPNO,ENAME,JOB,MGR,HIREDATE,SAL,COMM,DEPTNO) values (7839,'KING','PRESIDENT',null,to_date('81/11/17','RR/MM/DD'),5000,null,10);
Insert into SYSTEM.EMP (EMPNO,ENAME,JOB,MGR,HIREDATE,SAL,COMM,DEPTNO) values (7844,'TURNER','SALESMAN',7698,to_date('81/09/08','RR/MM/DD'),1500,null,30);
Insert into SYSTEM.EMP (EMPNO,ENAME,JOB,MGR,HIREDATE,SAL,COMM,DEPTNO) values (7876,'ADAMS','CLERK',7788,to_date('83/01/12','RR/MM/DD'),1100,null,20);
Insert into SYSTEM.EMP (EMPNO,ENAME,JOB,MGR,HIREDATE,SAL,COMM,DEPTNO) values (7900,'JAMES','CLERK',7698,to_date('81/12/03','RR/MM/DD'),950,null,30);
Insert into SYSTEM.EMP (EMPNO,ENAME,JOB,MGR,HIREDATE,SAL,COMM,DEPTNO) values (7902,'FORD','ANALYST',7566,to_date('81/12/03','RR/MM/DD'),3000,null,20);
Insert into SYSTEM.EMP (EMPNO,ENAME,JOB,MGR,HIREDATE,SAL,COMM,DEPTNO) values (7934,'MILLER','CLERK',7782,to_date('82/01/23','RR/MM/DD'),1300,null,10);
REM INSERTING into SYSTEM.ENROL
SET DEFINE OFF;
Insert into SYSTEM.ENROL (SUB_NO,STU_NO,ENR_GRADE) values ('101','20131001',88);
Insert into SYSTEM.ENROL (SUB_NO,STU_NO,ENR_GRADE) values ('104','20131001',56);
Insert into SYSTEM.ENROL (SUB_NO,STU_NO,ENR_GRADE) values ('106','20132003',72);
Insert into SYSTEM.ENROL (SUB_NO,STU_NO,ENR_GRADE) values ('103','20152088',45);
Insert into SYSTEM.ENROL (SUB_NO,STU_NO,ENR_GRADE) values ('101','20131025',65);
Insert into SYSTEM.ENROL (SUB_NO,STU_NO,ENR_GRADE) values ('104','20131025',65);
Insert into SYSTEM.ENROL (SUB_NO,STU_NO,ENR_GRADE) values ('108','20151062',81);
Insert into SYSTEM.ENROL (SUB_NO,STU_NO,ENR_GRADE) values ('107','20143054',41);
Insert into SYSTEM.ENROL (SUB_NO,STU_NO,ENR_GRADE) values ('102','20153075',66);
Insert into SYSTEM.ENROL (SUB_NO,STU_NO,ENR_GRADE) values ('105','20153075',56);
Insert into SYSTEM.ENROL (SUB_NO,STU_NO,ENR_GRADE) values ('102','20153088',61);
Insert into SYSTEM.ENROL (SUB_NO,STU_NO,ENR_GRADE) values ('105','20153088',78);
REM INSERTING into SYSTEM.MEMBER
SET DEFINE OFF;
Insert into SYSTEM.MEMBER (MEMBER_ID,PASSWORD,MEMBER_NAME,EMAIL,PHONE,STATUS,CDATETIME,UDATETIME) values ('member1','pw1234','김민수','minsu1@test.com','010-1111-0001','ACTIVE',to_date('26/03/05','RR/MM/DD'),null);
Insert into SYSTEM.MEMBER (MEMBER_ID,PASSWORD,MEMBER_NAME,EMAIL,PHONE,STATUS,CDATETIME,UDATETIME) values ('member2','pw1234','이서연','seoyeon2@test.com','010-1111-0002','ACTIVE',to_date('26/03/05','RR/MM/DD'),null);
Insert into SYSTEM.MEMBER (MEMBER_ID,PASSWORD,MEMBER_NAME,EMAIL,PHONE,STATUS,CDATETIME,UDATETIME) values ('member3','pw1234','박지훈','jihoon3@test.com','010-1111-0003','ACTIVE',to_date('26/03/05','RR/MM/DD'),null);
Insert into SYSTEM.MEMBER (MEMBER_ID,PASSWORD,MEMBER_NAME,EMAIL,PHONE,STATUS,CDATETIME,UDATETIME) values ('member4','pw1234','최유진','yujin4@test.com','010-1111-0004','ACTIVE',to_date('26/03/05','RR/MM/DD'),null);
Insert into SYSTEM.MEMBER (MEMBER_ID,PASSWORD,MEMBER_NAME,EMAIL,PHONE,STATUS,CDATETIME,UDATETIME) values ('member5','pw1234','정도윤','doyoon5@test.com','010-1111-0005','ACTIVE',to_date('26/03/05','RR/MM/DD'),null);
Insert into SYSTEM.MEMBER (MEMBER_ID,PASSWORD,MEMBER_NAME,EMAIL,PHONE,STATUS,CDATETIME,UDATETIME) values ('member6','pw1234','한지민','jimin6@test.com','010-1111-0006','ACTIVE',to_date('26/03/05','RR/MM/DD'),null);
Insert into SYSTEM.MEMBER (MEMBER_ID,PASSWORD,MEMBER_NAME,EMAIL,PHONE,STATUS,CDATETIME,UDATETIME) values ('member7','pw1234','윤서준','seojun7@test.com','010-1111-0007','BLOCK',to_date('26/03/05','RR/MM/DD'),null);
Insert into SYSTEM.MEMBER (MEMBER_ID,PASSWORD,MEMBER_NAME,EMAIL,PHONE,STATUS,CDATETIME,UDATETIME) values ('member8','pw1234','강하은','haeun8@test.com','010-1111-0008','ACTIVE',to_date('26/03/05','RR/MM/DD'),null);
Insert into SYSTEM.MEMBER (MEMBER_ID,PASSWORD,MEMBER_NAME,EMAIL,PHONE,STATUS,CDATETIME,UDATETIME) values ('member9','pw1234','오지우','jiwoo9@test.com','010-1111-0009','ACTIVE',to_date('26/03/05','RR/MM/DD'),null);
Insert into SYSTEM.MEMBER (MEMBER_ID,PASSWORD,MEMBER_NAME,EMAIL,PHONE,STATUS,CDATETIME,UDATETIME) values ('member10','pw1234','임서현','seohyun10@test.com','010-1111-0010','ACTIVE',to_date('26/03/05','RR/MM/DD'),null);
REM INSERTING into SYSTEM.MEMBER_POINT
SET DEFINE OFF;
Insert into SYSTEM.MEMBER_POINT (POINT_ID,MEMBER_ID,POINT_AMOUNT,DESCRIPTION,CDATETIME) values (1,'member1',1000,'회원가입 포인트',to_date('26/03/05','RR/MM/DD'));
Insert into SYSTEM.MEMBER_POINT (POINT_ID,MEMBER_ID,POINT_AMOUNT,DESCRIPTION,CDATETIME) values (2,'member1',500,'이벤트 적립',to_date('26/03/05','RR/MM/DD'));
Insert into SYSTEM.MEMBER_POINT (POINT_ID,MEMBER_ID,POINT_AMOUNT,DESCRIPTION,CDATETIME) values (3,'member2',2000,'회원가입 포인트',to_date('26/03/05','RR/MM/DD'));
Insert into SYSTEM.MEMBER_POINT (POINT_ID,MEMBER_ID,POINT_AMOUNT,DESCRIPTION,CDATETIME) values (4,'member3',300,'리뷰 작성',to_date('26/03/05','RR/MM/DD'));
Insert into SYSTEM.MEMBER_POINT (POINT_ID,MEMBER_ID,POINT_AMOUNT,DESCRIPTION,CDATETIME) values (5,'member3',-200,'상품 구매 사용',to_date('26/03/05','RR/MM/DD'));
Insert into SYSTEM.MEMBER_POINT (POINT_ID,MEMBER_ID,POINT_AMOUNT,DESCRIPTION,CDATETIME) values (6,'member4',1500,'회원가입 포인트',to_date('26/03/05','RR/MM/DD'));
Insert into SYSTEM.MEMBER_POINT (POINT_ID,MEMBER_ID,POINT_AMOUNT,DESCRIPTION,CDATETIME) values (7,'member4',500,'이벤트 적립',to_date('26/03/05','RR/MM/DD'));
Insert into SYSTEM.MEMBER_POINT (POINT_ID,MEMBER_ID,POINT_AMOUNT,DESCRIPTION,CDATETIME) values (8,'member4',-300,'상품 구매 사용',to_date('26/03/05','RR/MM/DD'));
Insert into SYSTEM.MEMBER_POINT (POINT_ID,MEMBER_ID,POINT_AMOUNT,DESCRIPTION,CDATETIME) values (9,'member5',1000,'회원가입 포인트',to_date('26/03/05','RR/MM/DD'));
Insert into SYSTEM.MEMBER_POINT (POINT_ID,MEMBER_ID,POINT_AMOUNT,DESCRIPTION,CDATETIME) values (10,'member6',500,'리뷰 작성',to_date('26/03/05','RR/MM/DD'));
Insert into SYSTEM.MEMBER_POINT (POINT_ID,MEMBER_ID,POINT_AMOUNT,DESCRIPTION,CDATETIME) values (11,'member7',700,'이벤트',to_date('26/03/05','RR/MM/DD'));
Insert into SYSTEM.MEMBER_POINT (POINT_ID,MEMBER_ID,POINT_AMOUNT,DESCRIPTION,CDATETIME) values (12,'member8',1200,'회원가입',to_date('26/03/05','RR/MM/DD'));
Insert into SYSTEM.MEMBER_POINT (POINT_ID,MEMBER_ID,POINT_AMOUNT,DESCRIPTION,CDATETIME) values (13,'member8',300,'리뷰',to_date('26/03/05','RR/MM/DD'));
Insert into SYSTEM.MEMBER_POINT (POINT_ID,MEMBER_ID,POINT_AMOUNT,DESCRIPTION,CDATETIME) values (14,'member8',-200,'사용',to_date('26/03/05','RR/MM/DD'));
Insert into SYSTEM.MEMBER_POINT (POINT_ID,MEMBER_ID,POINT_AMOUNT,DESCRIPTION,CDATETIME) values (15,'member9',1000,'회원가입',to_date('26/03/05','RR/MM/DD'));
Insert into SYSTEM.MEMBER_POINT (POINT_ID,MEMBER_ID,POINT_AMOUNT,DESCRIPTION,CDATETIME) values (16,'member9',400,'이벤트',to_date('26/03/05','RR/MM/DD'));
Insert into SYSTEM.MEMBER_POINT (POINT_ID,MEMBER_ID,POINT_AMOUNT,DESCRIPTION,CDATETIME) values (17,'member9',-150,'사용',to_date('26/03/05','RR/MM/DD'));
Insert into SYSTEM.MEMBER_POINT (POINT_ID,MEMBER_ID,POINT_AMOUNT,DESCRIPTION,CDATETIME) values (18,'member10',1000,'회원가입',to_date('26/03/05','RR/MM/DD'));
Insert into SYSTEM.MEMBER_POINT (POINT_ID,MEMBER_ID,POINT_AMOUNT,DESCRIPTION,CDATETIME) values (19,'member10',200,'리뷰',to_date('26/03/05','RR/MM/DD'));
Insert into SYSTEM.MEMBER_POINT (POINT_ID,MEMBER_ID,POINT_AMOUNT,DESCRIPTION,CDATETIME) values (20,'member10',300,'이벤트',to_date('26/03/05','RR/MM/DD'));
Insert into SYSTEM.MEMBER_POINT (POINT_ID,MEMBER_ID,POINT_AMOUNT,DESCRIPTION,CDATETIME) values (21,'member1',-100,'포인트 사용',to_date('26/03/05','RR/MM/DD'));
Insert into SYSTEM.MEMBER_POINT (POINT_ID,MEMBER_ID,POINT_AMOUNT,DESCRIPTION,CDATETIME) values (22,'member2',400,'이벤트',to_date('26/03/05','RR/MM/DD'));
Insert into SYSTEM.MEMBER_POINT (POINT_ID,MEMBER_ID,POINT_AMOUNT,DESCRIPTION,CDATETIME) values (23,'member3',200,'리뷰',to_date('26/03/05','RR/MM/DD'));
Insert into SYSTEM.MEMBER_POINT (POINT_ID,MEMBER_ID,POINT_AMOUNT,DESCRIPTION,CDATETIME) values (24,'member4',-100,'사용',to_date('26/03/05','RR/MM/DD'));
Insert into SYSTEM.MEMBER_POINT (POINT_ID,MEMBER_ID,POINT_AMOUNT,DESCRIPTION,CDATETIME) values (25,'member5',300,'이벤트',to_date('26/03/05','RR/MM/DD'));
Insert into SYSTEM.MEMBER_POINT (POINT_ID,MEMBER_ID,POINT_AMOUNT,DESCRIPTION,CDATETIME) values (26,'member6',-50,'사용',to_date('26/03/05','RR/MM/DD'));
Insert into SYSTEM.MEMBER_POINT (POINT_ID,MEMBER_ID,POINT_AMOUNT,DESCRIPTION,CDATETIME) values (27,'member8',150,'리뷰',to_date('26/03/05','RR/MM/DD'));
Insert into SYSTEM.MEMBER_POINT (POINT_ID,MEMBER_ID,POINT_AMOUNT,DESCRIPTION,CDATETIME) values (28,'member9',250,'이벤트',to_date('26/03/05','RR/MM/DD'));
Insert into SYSTEM.MEMBER_POINT (POINT_ID,MEMBER_ID,POINT_AMOUNT,DESCRIPTION,CDATETIME) values (29,'member9',-100,'사용',to_date('26/03/05','RR/MM/DD'));
Insert into SYSTEM.MEMBER_POINT (POINT_ID,MEMBER_ID,POINT_AMOUNT,DESCRIPTION,CDATETIME) values (30,'member10',500,'이벤트',to_date('26/03/05','RR/MM/DD'));
REM INSERTING into SYSTEM.ORDERS
SET DEFINE OFF;
Insert into SYSTEM.ORDERS (ORDERID,CUSTID,BOOKID,SALEPRICE,ORDERDATE) values (1,1,1,6000,to_date('20/07/01','RR/MM/DD'));
Insert into SYSTEM.ORDERS (ORDERID,CUSTID,BOOKID,SALEPRICE,ORDERDATE) values (2,1,3,21000,to_date('20/07/03','RR/MM/DD'));
Insert into SYSTEM.ORDERS (ORDERID,CUSTID,BOOKID,SALEPRICE,ORDERDATE) values (3,2,5,8000,to_date('20/07/03','RR/MM/DD'));
Insert into SYSTEM.ORDERS (ORDERID,CUSTID,BOOKID,SALEPRICE,ORDERDATE) values (4,3,6,6000,to_date('20/07/04','RR/MM/DD'));
Insert into SYSTEM.ORDERS (ORDERID,CUSTID,BOOKID,SALEPRICE,ORDERDATE) values (5,4,7,20000,to_date('20/07/05','RR/MM/DD'));
Insert into SYSTEM.ORDERS (ORDERID,CUSTID,BOOKID,SALEPRICE,ORDERDATE) values (6,1,2,12000,to_date('20/07/07','RR/MM/DD'));
Insert into SYSTEM.ORDERS (ORDERID,CUSTID,BOOKID,SALEPRICE,ORDERDATE) values (7,4,8,13000,to_date('20/07/07','RR/MM/DD'));
Insert into SYSTEM.ORDERS (ORDERID,CUSTID,BOOKID,SALEPRICE,ORDERDATE) values (8,3,10,12000,to_date('20/07/08','RR/MM/DD'));
Insert into SYSTEM.ORDERS (ORDERID,CUSTID,BOOKID,SALEPRICE,ORDERDATE) values (9,2,10,7000,to_date('20/07/09','RR/MM/DD'));
Insert into SYSTEM.ORDERS (ORDERID,CUSTID,BOOKID,SALEPRICE,ORDERDATE) values (10,3,8,13000,to_date('20/07/10','RR/MM/DD'));
REM INSERTING into SYSTEM.PRODUCT
SET DEFINE OFF;
Insert into SYSTEM.PRODUCT (PRODUCT_ID,PRODUCT_NAME,BRAND,CATEGORY,MODEL_NAME,PRICE,STOCK_QTY,DESCRIPTION,RELEASE_DATE,STATUS,CDATETIME,UDATETIME) values (1,'갤럭시 S24','삼성','스마트폰','SM-S921',1200000,50,'삼성 최신 스마트폰',to_date('24/01/20','RR/MM/DD'),'SALE',to_date('26/03/05','RR/MM/DD'),null);
Insert into SYSTEM.PRODUCT (PRODUCT_ID,PRODUCT_NAME,BRAND,CATEGORY,MODEL_NAME,PRICE,STOCK_QTY,DESCRIPTION,RELEASE_DATE,STATUS,CDATETIME,UDATETIME) values (2,'아이폰 15','애플','스마트폰','A3090',1350000,40,'애플 최신 스마트폰',to_date('23/09/20','RR/MM/DD'),'SALE',to_date('26/03/05','RR/MM/DD'),null);
Insert into SYSTEM.PRODUCT (PRODUCT_ID,PRODUCT_NAME,BRAND,CATEGORY,MODEL_NAME,PRICE,STOCK_QTY,DESCRIPTION,RELEASE_DATE,STATUS,CDATETIME,UDATETIME) values (3,'LG OLED TV','LG','TV','OLED65',2500000,10,'65인치 OLED TV',to_date('23/03/01','RR/MM/DD'),'SALE',to_date('26/03/05','RR/MM/DD'),null);
Insert into SYSTEM.PRODUCT (PRODUCT_ID,PRODUCT_NAME,BRAND,CATEGORY,MODEL_NAME,PRICE,STOCK_QTY,DESCRIPTION,RELEASE_DATE,STATUS,CDATETIME,UDATETIME) values (4,'맥북 에어 M3','애플','노트북','MBA-M3',1800000,20,'애플 노트북',to_date('24/02/01','RR/MM/DD'),'SALE',to_date('26/03/05','RR/MM/DD'),null);
Insert into SYSTEM.PRODUCT (PRODUCT_ID,PRODUCT_NAME,BRAND,CATEGORY,MODEL_NAME,PRICE,STOCK_QTY,DESCRIPTION,RELEASE_DATE,STATUS,CDATETIME,UDATETIME) values (5,'갤럭시 북4','삼성','노트북','GB4',1500000,25,'삼성 노트북',to_date('24/01/10','RR/MM/DD'),'SALE',to_date('26/03/05','RR/MM/DD'),null);
Insert into SYSTEM.PRODUCT (PRODUCT_ID,PRODUCT_NAME,BRAND,CATEGORY,MODEL_NAME,PRICE,STOCK_QTY,DESCRIPTION,RELEASE_DATE,STATUS,CDATETIME,UDATETIME) values (6,'소니 WH-1000XM5','소니','헤드폰','XM5',450000,60,'노이즈 캔슬링 헤드폰',to_date('23/05/01','RR/MM/DD'),'SALE',to_date('26/03/05','RR/MM/DD'),null);
Insert into SYSTEM.PRODUCT (PRODUCT_ID,PRODUCT_NAME,BRAND,CATEGORY,MODEL_NAME,PRICE,STOCK_QTY,DESCRIPTION,RELEASE_DATE,STATUS,CDATETIME,UDATETIME) values (7,'에어팟 프로','애플','이어폰','APP2',350000,80,'애플 무선 이어폰',to_date('22/10/10','RR/MM/DD'),'SALE',to_date('26/03/05','RR/MM/DD'),null);
Insert into SYSTEM.PRODUCT (PRODUCT_ID,PRODUCT_NAME,BRAND,CATEGORY,MODEL_NAME,PRICE,STOCK_QTY,DESCRIPTION,RELEASE_DATE,STATUS,CDATETIME,UDATETIME) values (8,'갤럭시 버즈2','삼성','이어폰','BUDS2',150000,70,'삼성 무선 이어폰',to_date('23/01/01','RR/MM/DD'),'SALE',to_date('26/03/05','RR/MM/DD'),null);
Insert into SYSTEM.PRODUCT (PRODUCT_ID,PRODUCT_NAME,BRAND,CATEGORY,MODEL_NAME,PRICE,STOCK_QTY,DESCRIPTION,RELEASE_DATE,STATUS,CDATETIME,UDATETIME) values (9,'아이패드 에어','애플','태블릿','IPAD-AIR',900000,30,'애플 태블릿',to_date('23/11/01','RR/MM/DD'),'SALE',to_date('26/03/05','RR/MM/DD'),null);
Insert into SYSTEM.PRODUCT (PRODUCT_ID,PRODUCT_NAME,BRAND,CATEGORY,MODEL_NAME,PRICE,STOCK_QTY,DESCRIPTION,RELEASE_DATE,STATUS,CDATETIME,UDATETIME) values (10,'갤럭시 탭 S9','삼성','태블릿','TAB-S9',950000,35,'삼성 태블릿',to_date('23/08/15','RR/MM/DD'),'SALE',to_date('26/03/05','RR/MM/DD'),null);
Insert into SYSTEM.PRODUCT (PRODUCT_ID,PRODUCT_NAME,BRAND,CATEGORY,MODEL_NAME,PRICE,STOCK_QTY,DESCRIPTION,RELEASE_DATE,STATUS,CDATETIME,UDATETIME) values (11,'LG 그램','LG','노트북','GRAM17',1700000,15,'초경량 노트북',to_date('23/02/01','RR/MM/DD'),'SALE',to_date('26/03/05','RR/MM/DD'),null);
Insert into SYSTEM.PRODUCT (PRODUCT_ID,PRODUCT_NAME,BRAND,CATEGORY,MODEL_NAME,PRICE,STOCK_QTY,DESCRIPTION,RELEASE_DATE,STATUS,CDATETIME,UDATETIME) values (12,'플레이스테이션 5','소니','게임기','PS5',650000,20,'소니 게임 콘솔',to_date('20/11/12','RR/MM/DD'),'SALE',to_date('26/03/05','RR/MM/DD'),null);
Insert into SYSTEM.PRODUCT (PRODUCT_ID,PRODUCT_NAME,BRAND,CATEGORY,MODEL_NAME,PRICE,STOCK_QTY,DESCRIPTION,RELEASE_DATE,STATUS,CDATETIME,UDATETIME) values (13,'엑스박스 시리즈 X','마이크로소프트','게임기','XBOX-X',650000,18,'마이크로소프트 콘솔',to_date('20/11/12','RR/MM/DD'),'SALE',to_date('26/03/05','RR/MM/DD'),null);
Insert into SYSTEM.PRODUCT (PRODUCT_ID,PRODUCT_NAME,BRAND,CATEGORY,MODEL_NAME,PRICE,STOCK_QTY,DESCRIPTION,RELEASE_DATE,STATUS,CDATETIME,UDATETIME) values (14,'닌텐도 스위치','닌텐도','게임기','SWITCH',400000,50,'닌텐도 콘솔',to_date('19/03/03','RR/MM/DD'),'SALE',to_date('26/03/05','RR/MM/DD'),null);
Insert into SYSTEM.PRODUCT (PRODUCT_ID,PRODUCT_NAME,BRAND,CATEGORY,MODEL_NAME,PRICE,STOCK_QTY,DESCRIPTION,RELEASE_DATE,STATUS,CDATETIME,UDATETIME) values (15,'다이슨 V15','다이슨','생활가전','V15',1200000,12,'무선 청소기',to_date('23/06/01','RR/MM/DD'),'SALE',to_date('26/03/05','RR/MM/DD'),null);
Insert into SYSTEM.PRODUCT (PRODUCT_ID,PRODUCT_NAME,BRAND,CATEGORY,MODEL_NAME,PRICE,STOCK_QTY,DESCRIPTION,RELEASE_DATE,STATUS,CDATETIME,UDATETIME) values (16,'LG 스타일러','LG','생활가전','STYLER',1800000,5,'의류 관리기',to_date('22/09/01','RR/MM/DD'),'SALE',to_date('26/03/05','RR/MM/DD'),null);
Insert into SYSTEM.PRODUCT (PRODUCT_ID,PRODUCT_NAME,BRAND,CATEGORY,MODEL_NAME,PRICE,STOCK_QTY,DESCRIPTION,RELEASE_DATE,STATUS,CDATETIME,UDATETIME) values (17,'삼성 모니터','삼성','모니터','M8',700000,22,'32인치 스마트 모니터',to_date('23/04/01','RR/MM/DD'),'SALE',to_date('26/03/05','RR/MM/DD'),null);
Insert into SYSTEM.PRODUCT (PRODUCT_ID,PRODUCT_NAME,BRAND,CATEGORY,MODEL_NAME,PRICE,STOCK_QTY,DESCRIPTION,RELEASE_DATE,STATUS,CDATETIME,UDATETIME) values (18,'델 울트라샤프','델','모니터','U2723',800000,18,'27인치 모니터',to_date('23/03/01','RR/MM/DD'),'SALE',to_date('26/03/05','RR/MM/DD'),null);
Insert into SYSTEM.PRODUCT (PRODUCT_ID,PRODUCT_NAME,BRAND,CATEGORY,MODEL_NAME,PRICE,STOCK_QTY,DESCRIPTION,RELEASE_DATE,STATUS,CDATETIME,UDATETIME) values (19,'로지텍 MX 마스터','로지텍','악세사리','MX3',120000,100,'프리미엄 마우스',to_date('22/01/01','RR/MM/DD'),'SALE',to_date('26/03/05','RR/MM/DD'),null);
Insert into SYSTEM.PRODUCT (PRODUCT_ID,PRODUCT_NAME,BRAND,CATEGORY,MODEL_NAME,PRICE,STOCK_QTY,DESCRIPTION,RELEASE_DATE,STATUS,CDATETIME,UDATETIME) values (20,'키크론 K8','키크론','악세사리','K8',150000,90,'기계식 키보드',to_date('22/02/01','RR/MM/DD'),'SALE',to_date('26/03/05','RR/MM/DD'),null);
REM INSERTING into SYSTEM.PRODUCT_ORDERS
SET DEFINE OFF;
Insert into SYSTEM.PRODUCT_ORDERS (ORDER_ID,MEMBER_ID,PRODUCT_ID,ORDER_QTY,ORDER_PRICE,ORDER_STATUS,ORDER_DATE,DELIVERY_ADDR,DELIVERY_STATUS) values (1,'member1',3,2,2500000,'ORDERED',to_date('26/03/05','RR/MM/DD'),'서울시 강남구','SHIPPING');
Insert into SYSTEM.PRODUCT_ORDERS (ORDER_ID,MEMBER_ID,PRODUCT_ID,ORDER_QTY,ORDER_PRICE,ORDER_STATUS,ORDER_DATE,DELIVERY_ADDR,DELIVERY_STATUS) values (2,'member3',7,1,350000,'ORDERED',to_date('26/03/05','RR/MM/DD'),'부산시 해운대구','DONE');
Insert into SYSTEM.PRODUCT_ORDERS (ORDER_ID,MEMBER_ID,PRODUCT_ID,ORDER_QTY,ORDER_PRICE,ORDER_STATUS,ORDER_DATE,DELIVERY_ADDR,DELIVERY_STATUS) values (3,'member2',1,1,1200000,'ORDERED',to_date('26/03/05','RR/MM/DD'),'인천시 연수구','READY');
Insert into SYSTEM.PRODUCT_ORDERS (ORDER_ID,MEMBER_ID,PRODUCT_ID,ORDER_QTY,ORDER_PRICE,ORDER_STATUS,ORDER_DATE,DELIVERY_ADDR,DELIVERY_STATUS) values (4,'member6',10,2,950000,'ORDERED',to_date('26/03/05','RR/MM/DD'),'대구시 수성구','SHIPPING');
Insert into SYSTEM.PRODUCT_ORDERS (ORDER_ID,MEMBER_ID,PRODUCT_ID,ORDER_QTY,ORDER_PRICE,ORDER_STATUS,ORDER_DATE,DELIVERY_ADDR,DELIVERY_STATUS) values (5,'member1',5,1,1500000,'ORDERED',to_date('26/03/05','RR/MM/DD'),'서울시 송파구','DONE');
Insert into SYSTEM.PRODUCT_ORDERS (ORDER_ID,MEMBER_ID,PRODUCT_ID,ORDER_QTY,ORDER_PRICE,ORDER_STATUS,ORDER_DATE,DELIVERY_ADDR,DELIVERY_STATUS) values (6,'member8',12,1,650000,'ORDERED',to_date('26/03/05','RR/MM/DD'),'광주시 서구','READY');
Insert into SYSTEM.PRODUCT_ORDERS (ORDER_ID,MEMBER_ID,PRODUCT_ID,ORDER_QTY,ORDER_PRICE,ORDER_STATUS,ORDER_DATE,DELIVERY_ADDR,DELIVERY_STATUS) values (7,'member4',2,1,1350000,'ORDERED',to_date('26/03/05','RR/MM/DD'),'부산시 남구','DONE');
Insert into SYSTEM.PRODUCT_ORDERS (ORDER_ID,MEMBER_ID,PRODUCT_ID,ORDER_QTY,ORDER_PRICE,ORDER_STATUS,ORDER_DATE,DELIVERY_ADDR,DELIVERY_STATUS) values (8,'member9',9,3,900000,'ORDERED',to_date('26/03/05','RR/MM/DD'),'대전시 유성구','SHIPPING');
Insert into SYSTEM.PRODUCT_ORDERS (ORDER_ID,MEMBER_ID,PRODUCT_ID,ORDER_QTY,ORDER_PRICE,ORDER_STATUS,ORDER_DATE,DELIVERY_ADDR,DELIVERY_STATUS) values (9,'member5',6,1,450000,'ORDERED',to_date('26/03/05','RR/MM/DD'),'서울시 마포구','DONE');
Insert into SYSTEM.PRODUCT_ORDERS (ORDER_ID,MEMBER_ID,PRODUCT_ID,ORDER_QTY,ORDER_PRICE,ORDER_STATUS,ORDER_DATE,DELIVERY_ADDR,DELIVERY_STATUS) values (10,'member1',15,1,1200000,'ORDERED',to_date('26/03/05','RR/MM/DD'),'울산시 남구','READY');
Insert into SYSTEM.PRODUCT_ORDERS (ORDER_ID,MEMBER_ID,PRODUCT_ID,ORDER_QTY,ORDER_PRICE,ORDER_STATUS,ORDER_DATE,DELIVERY_ADDR,DELIVERY_STATUS) values (11,'member7',20,1,150000,'ORDERED',to_date('26/03/05','RR/MM/DD'),'서울시 강서구','SHIPPING');
Insert into SYSTEM.PRODUCT_ORDERS (ORDER_ID,MEMBER_ID,PRODUCT_ID,ORDER_QTY,ORDER_PRICE,ORDER_STATUS,ORDER_DATE,DELIVERY_ADDR,DELIVERY_STATUS) values (12,'member3',4,1,1800000,'ORDERED',to_date('26/03/05','RR/MM/DD'),'인천시 부평구','DONE');
Insert into SYSTEM.PRODUCT_ORDERS (ORDER_ID,MEMBER_ID,PRODUCT_ID,ORDER_QTY,ORDER_PRICE,ORDER_STATUS,ORDER_DATE,DELIVERY_ADDR,DELIVERY_STATUS) values (13,'member10',13,1,650000,'ORDERED',to_date('26/03/05','RR/MM/DD'),'대구시 달서구','READY');
Insert into SYSTEM.PRODUCT_ORDERS (ORDER_ID,MEMBER_ID,PRODUCT_ID,ORDER_QTY,ORDER_PRICE,ORDER_STATUS,ORDER_DATE,DELIVERY_ADDR,DELIVERY_STATUS) values (14,'member2',8,2,150000,'ORDERED',to_date('26/03/05','RR/MM/DD'),'광주시 북구','DONE');
Insert into SYSTEM.PRODUCT_ORDERS (ORDER_ID,MEMBER_ID,PRODUCT_ID,ORDER_QTY,ORDER_PRICE,ORDER_STATUS,ORDER_DATE,DELIVERY_ADDR,DELIVERY_STATUS) values (15,'member5',11,1,1700000,'ORDERED',to_date('26/03/05','RR/MM/DD'),'서울시 동작구','SHIPPING');
Insert into SYSTEM.PRODUCT_ORDERS (ORDER_ID,MEMBER_ID,PRODUCT_ID,ORDER_QTY,ORDER_PRICE,ORDER_STATUS,ORDER_DATE,DELIVERY_ADDR,DELIVERY_STATUS) values (16,'member6',14,1,400000,'ORDERED',to_date('26/03/05','RR/MM/DD'),'부산시 부산진구','READY');
Insert into SYSTEM.PRODUCT_ORDERS (ORDER_ID,MEMBER_ID,PRODUCT_ID,ORDER_QTY,ORDER_PRICE,ORDER_STATUS,ORDER_DATE,DELIVERY_ADDR,DELIVERY_STATUS) values (17,'member1',17,1,700000,'ORDERED',to_date('26/03/05','RR/MM/DD'),'서울시 송파구','DONE');
Insert into SYSTEM.PRODUCT_ORDERS (ORDER_ID,MEMBER_ID,PRODUCT_ID,ORDER_QTY,ORDER_PRICE,ORDER_STATUS,ORDER_DATE,DELIVERY_ADDR,DELIVERY_STATUS) values (18,'member8',16,2,1800000,'ORDERED',to_date('26/03/05','RR/MM/DD'),'광주시 서구','SHIPPING');
Insert into SYSTEM.PRODUCT_ORDERS (ORDER_ID,MEMBER_ID,PRODUCT_ID,ORDER_QTY,ORDER_PRICE,ORDER_STATUS,ORDER_DATE,DELIVERY_ADDR,DELIVERY_STATUS) values (19,'member9',19,1,120000,'ORDERED',to_date('26/03/05','RR/MM/DD'),'부산시 사하구','READY');
Insert into SYSTEM.PRODUCT_ORDERS (ORDER_ID,MEMBER_ID,PRODUCT_ID,ORDER_QTY,ORDER_PRICE,ORDER_STATUS,ORDER_DATE,DELIVERY_ADDR,DELIVERY_STATUS) values (20,'member4',18,1,800000,'ORDERED',to_date('26/03/05','RR/MM/DD'),'대전시 서구','DONE');
Insert into SYSTEM.PRODUCT_ORDERS (ORDER_ID,MEMBER_ID,PRODUCT_ID,ORDER_QTY,ORDER_PRICE,ORDER_STATUS,ORDER_DATE,DELIVERY_ADDR,DELIVERY_STATUS) values (21,'member3',1,1,1200000,'ORDERED',to_date('26/03/05','RR/MM/DD'),'서울시 서초구','SHIPPING');
Insert into SYSTEM.PRODUCT_ORDERS (ORDER_ID,MEMBER_ID,PRODUCT_ID,ORDER_QTY,ORDER_PRICE,ORDER_STATUS,ORDER_DATE,DELIVERY_ADDR,DELIVERY_STATUS) values (22,'member2',2,2,1350000,'ORDERED',to_date('26/03/05','RR/MM/DD'),'부산시 해운대구','DONE');
Insert into SYSTEM.PRODUCT_ORDERS (ORDER_ID,MEMBER_ID,PRODUCT_ID,ORDER_QTY,ORDER_PRICE,ORDER_STATUS,ORDER_DATE,DELIVERY_ADDR,DELIVERY_STATUS) values (23,'member7',3,1,2500000,'ORDERED',to_date('26/03/05','RR/MM/DD'),'인천시 연수구','READY');
Insert into SYSTEM.PRODUCT_ORDERS (ORDER_ID,MEMBER_ID,PRODUCT_ID,ORDER_QTY,ORDER_PRICE,ORDER_STATUS,ORDER_DATE,DELIVERY_ADDR,DELIVERY_STATUS) values (24,'member1',4,1,1800000,'ORDERED',to_date('26/03/05','RR/MM/DD'),'서울시 강남구','DONE');
Insert into SYSTEM.PRODUCT_ORDERS (ORDER_ID,MEMBER_ID,PRODUCT_ID,ORDER_QTY,ORDER_PRICE,ORDER_STATUS,ORDER_DATE,DELIVERY_ADDR,DELIVERY_STATUS) values (25,'member6',5,1,1500000,'ORDERED',to_date('26/03/05','RR/MM/DD'),'대구시 수성구','SHIPPING');
Insert into SYSTEM.PRODUCT_ORDERS (ORDER_ID,MEMBER_ID,PRODUCT_ID,ORDER_QTY,ORDER_PRICE,ORDER_STATUS,ORDER_DATE,DELIVERY_ADDR,DELIVERY_STATUS) values (26,'member10',6,2,450000,'ORDERED',to_date('26/03/05','RR/MM/DD'),'울산시 남구','READY');
Insert into SYSTEM.PRODUCT_ORDERS (ORDER_ID,MEMBER_ID,PRODUCT_ID,ORDER_QTY,ORDER_PRICE,ORDER_STATUS,ORDER_DATE,DELIVERY_ADDR,DELIVERY_STATUS) values (27,'member5',7,1,350000,'ORDERED',to_date('26/03/05','RR/MM/DD'),'서울시 마포구','DONE');
Insert into SYSTEM.PRODUCT_ORDERS (ORDER_ID,MEMBER_ID,PRODUCT_ID,ORDER_QTY,ORDER_PRICE,ORDER_STATUS,ORDER_DATE,DELIVERY_ADDR,DELIVERY_STATUS) values (28,'member3',8,1,150000,'ORDERED',to_date('26/03/05','RR/MM/DD'),'부산시 남구','SHIPPING');
Insert into SYSTEM.PRODUCT_ORDERS (ORDER_ID,MEMBER_ID,PRODUCT_ID,ORDER_QTY,ORDER_PRICE,ORDER_STATUS,ORDER_DATE,DELIVERY_ADDR,DELIVERY_STATUS) values (29,'member9',9,2,900000,'ORDERED',to_date('26/03/05','RR/MM/DD'),'대전시 유성구','DONE');
Insert into SYSTEM.PRODUCT_ORDERS (ORDER_ID,MEMBER_ID,PRODUCT_ID,ORDER_QTY,ORDER_PRICE,ORDER_STATUS,ORDER_DATE,DELIVERY_ADDR,DELIVERY_STATUS) values (30,'member2',10,1,950000,'ORDERED',to_date('26/03/05','RR/MM/DD'),'광주시 북구','READY');
Insert into SYSTEM.PRODUCT_ORDERS (ORDER_ID,MEMBER_ID,PRODUCT_ID,ORDER_QTY,ORDER_PRICE,ORDER_STATUS,ORDER_DATE,DELIVERY_ADDR,DELIVERY_STATUS) values (31,'member1',11,1,1700000,'ORDERED',to_date('26/03/05','RR/MM/DD'),'서울시 송파구','SHIPPING');
Insert into SYSTEM.PRODUCT_ORDERS (ORDER_ID,MEMBER_ID,PRODUCT_ID,ORDER_QTY,ORDER_PRICE,ORDER_STATUS,ORDER_DATE,DELIVERY_ADDR,DELIVERY_STATUS) values (32,'member8',12,1,650000,'ORDERED',to_date('26/03/05','RR/MM/DD'),'광주시 서구','DONE');
Insert into SYSTEM.PRODUCT_ORDERS (ORDER_ID,MEMBER_ID,PRODUCT_ID,ORDER_QTY,ORDER_PRICE,ORDER_STATUS,ORDER_DATE,DELIVERY_ADDR,DELIVERY_STATUS) values (33,'member4',13,2,650000,'ORDERED',to_date('26/03/05','RR/MM/DD'),'부산시 사하구','READY');
Insert into SYSTEM.PRODUCT_ORDERS (ORDER_ID,MEMBER_ID,PRODUCT_ID,ORDER_QTY,ORDER_PRICE,ORDER_STATUS,ORDER_DATE,DELIVERY_ADDR,DELIVERY_STATUS) values (34,'member7',14,1,400000,'ORDERED',to_date('26/03/05','RR/MM/DD'),'서울시 은평구','DONE');
Insert into SYSTEM.PRODUCT_ORDERS (ORDER_ID,MEMBER_ID,PRODUCT_ID,ORDER_QTY,ORDER_PRICE,ORDER_STATUS,ORDER_DATE,DELIVERY_ADDR,DELIVERY_STATUS) values (35,'member5',15,1,1200000,'ORDERED',to_date('26/03/05','RR/MM/DD'),'인천시 부평구','SHIPPING');
Insert into SYSTEM.PRODUCT_ORDERS (ORDER_ID,MEMBER_ID,PRODUCT_ID,ORDER_QTY,ORDER_PRICE,ORDER_STATUS,ORDER_DATE,DELIVERY_ADDR,DELIVERY_STATUS) values (36,'member3',16,1,1800000,'ORDERED',to_date('26/03/05','RR/MM/DD'),'대전시 서구','READY');
Insert into SYSTEM.PRODUCT_ORDERS (ORDER_ID,MEMBER_ID,PRODUCT_ID,ORDER_QTY,ORDER_PRICE,ORDER_STATUS,ORDER_DATE,DELIVERY_ADDR,DELIVERY_STATUS) values (37,'member9',17,1,700000,'ORDERED',to_date('26/03/05','RR/MM/DD'),'서울시 강서구','DONE');
Insert into SYSTEM.PRODUCT_ORDERS (ORDER_ID,MEMBER_ID,PRODUCT_ID,ORDER_QTY,ORDER_PRICE,ORDER_STATUS,ORDER_DATE,DELIVERY_ADDR,DELIVERY_STATUS) values (38,'member2',18,1,800000,'ORDERED',to_date('26/03/05','RR/MM/DD'),'대구시 달서구','SHIPPING');
Insert into SYSTEM.PRODUCT_ORDERS (ORDER_ID,MEMBER_ID,PRODUCT_ID,ORDER_QTY,ORDER_PRICE,ORDER_STATUS,ORDER_DATE,DELIVERY_ADDR,DELIVERY_STATUS) values (39,'member1',19,1,120000,'ORDERED',to_date('26/03/05','RR/MM/DD'),'부산시 해운대구','READY');
Insert into SYSTEM.PRODUCT_ORDERS (ORDER_ID,MEMBER_ID,PRODUCT_ID,ORDER_QTY,ORDER_PRICE,ORDER_STATUS,ORDER_DATE,DELIVERY_ADDR,DELIVERY_STATUS) values (40,'member6',20,1,150000,'ORDERED',to_date('26/03/05','RR/MM/DD'),'서울시 동작구','DONE');
REM INSERTING into SYSTEM.PROFESSOR
SET DEFINE OFF;
Insert into SYSTEM.PROFESSOR (PROFNO,NAME,ID,POSITION,PAY,HIREDATE,BONUS,DEPTNO,EMAIL,HPAGE) values (1001,'조인형','captain','정교수',550,to_date('80/06/23','RR/MM/DD'),100,101,'captain@abc.net','http://www.abc.net');
Insert into SYSTEM.PROFESSOR (PROFNO,NAME,ID,POSITION,PAY,HIREDATE,BONUS,DEPTNO,EMAIL,HPAGE) values (1002,'박승곤','sweety','조교수',380,to_date('87/01/30','RR/MM/DD'),60,101,'sweety@abc.net','http://www.abc.net');
Insert into SYSTEM.PROFESSOR (PROFNO,NAME,ID,POSITION,PAY,HIREDATE,BONUS,DEPTNO,EMAIL,HPAGE) values (1003,'송도권','powerman','전임강사',280,to_date('98/03/22','RR/MM/DD'),null,101,'pman@power.com','http://www.power.com');
Insert into SYSTEM.PROFESSOR (PROFNO,NAME,ID,POSITION,PAY,HIREDATE,BONUS,DEPTNO,EMAIL,HPAGE) values (2001,'양선희','lamb1','전임강사',260,to_date('01/09/01','RR/MM/DD'),null,102,'lamb1@hamail.net',null);
Insert into SYSTEM.PROFESSOR (PROFNO,NAME,ID,POSITION,PAY,HIREDATE,BONUS,DEPTNO,EMAIL,HPAGE) values (2002,'김영조','number1','조교수',350,to_date('85/11/30','RR/MM/DD'),80,102,'number1@naver.com','http://num1.naver.com');
Insert into SYSTEM.PROFESSOR (PROFNO,NAME,ID,POSITION,PAY,HIREDATE,BONUS,DEPTNO,EMAIL,HPAGE) values (2003,'주승재','bluedragon','정교수',490,to_date('82/04/29','RR/MM/DD'),90,102,'bdragon@naver.com',null);
Insert into SYSTEM.PROFESSOR (PROFNO,NAME,ID,POSITION,PAY,HIREDATE,BONUS,DEPTNO,EMAIL,HPAGE) values (3001,'김도형','angel1004','정교수',530,to_date('81/10/23','RR/MM/DD'),110,103,'angel1004@hanmir.com',null);
Insert into SYSTEM.PROFESSOR (PROFNO,NAME,ID,POSITION,PAY,HIREDATE,BONUS,DEPTNO,EMAIL,HPAGE) values (3002,'나한열','naone10','조교수',330,to_date('97/07/01','RR/MM/DD'),50,103,'naone10@empal.com',null);
Insert into SYSTEM.PROFESSOR (PROFNO,NAME,ID,POSITION,PAY,HIREDATE,BONUS,DEPTNO,EMAIL,HPAGE) values (3003,'김현정','only-u','전임강사',300,to_date('02/02/24','RR/MM/DD'),null,103,'only_u@abc.com',null);
Insert into SYSTEM.PROFESSOR (PROFNO,NAME,ID,POSITION,PAY,HIREDATE,BONUS,DEPTNO,EMAIL,HPAGE) values (4001,'심슨','simson','정교수',570,to_date('81/10/23','RR/MM/DD'),130,201,'chebin@daum.net',null);
Insert into SYSTEM.PROFESSOR (PROFNO,NAME,ID,POSITION,PAY,HIREDATE,BONUS,DEPTNO,EMAIL,HPAGE) values (4002,'최슬기','gogogo','조교수',330,to_date('09/08/30','RR/MM/DD'),null,201,'gogogo@def.com',null);
Insert into SYSTEM.PROFESSOR (PROFNO,NAME,ID,POSITION,PAY,HIREDATE,BONUS,DEPTNO,EMAIL,HPAGE) values (4003,'박원범','mypride','조교수',310,to_date('99/12/01','RR/MM/DD'),50,202,'mypride@hanmail.net',null);
Insert into SYSTEM.PROFESSOR (PROFNO,NAME,ID,POSITION,PAY,HIREDATE,BONUS,DEPTNO,EMAIL,HPAGE) values (4004,'차범철','ironman','전임강사',270,to_date('09/01/28','RR/MM/DD'),null,202,'ironman@naver.com',null);
Insert into SYSTEM.PROFESSOR (PROFNO,NAME,ID,POSITION,PAY,HIREDATE,BONUS,DEPTNO,EMAIL,HPAGE) values (4005,'바비','standkang','정교수',500,to_date('85/09/18','RR/MM/DD'),80,203,'standkang@naver.com',null);
Insert into SYSTEM.PROFESSOR (PROFNO,NAME,ID,POSITION,PAY,HIREDATE,BONUS,DEPTNO,EMAIL,HPAGE) values (4006,'전민','napeople','전임강사',230,to_date('10/06/28','RR/MM/DD'),null,301,'napeople@jass.com',null);
Insert into SYSTEM.PROFESSOR (PROFNO,NAME,ID,POSITION,PAY,HIREDATE,BONUS,DEPTNO,EMAIL,HPAGE) values (4007,'허은','silver-her','조교수',300,to_date('01/05/23','RR/MM/DD'),30,301,'silver-her@daum.net',null);
REM INSERTING into SYSTEM.SALGRADE
SET DEFINE OFF;
Insert into SYSTEM.SALGRADE (GRADE,LOSAL,HISAL) values (1,700,1200);
Insert into SYSTEM.SALGRADE (GRADE,LOSAL,HISAL) values (2,1201,1400);
Insert into SYSTEM.SALGRADE (GRADE,LOSAL,HISAL) values (3,1401,2000);
Insert into SYSTEM.SALGRADE (GRADE,LOSAL,HISAL) values (4,2001,3000);
Insert into SYSTEM.SALGRADE (GRADE,LOSAL,HISAL) values (5,3001,9999);
REM INSERTING into SYSTEM.STU
SET DEFINE OFF;
Insert into SYSTEM.STU (STUNO,NAME,ID,GRADE,JUMIN,BIRTHDAY,TEL,HEIGHT,WEIGHT,DEPTNO1,DEPTNO2,PROFNO) values (9411,'서진수','75true',4,'7510231901813',to_date('75/10/23','RR/MM/DD'),'055)381-2158',180,72,101,201,1001);
Insert into SYSTEM.STU (STUNO,NAME,ID,GRADE,JUMIN,BIRTHDAY,TEL,HEIGHT,WEIGHT,DEPTNO1,DEPTNO2,PROFNO) values (9412,'서재수','pooh94',4,'7502241128467',to_date('75/02/24','RR/MM/DD'),'051)426-1700',172,64,102,null,2001);
Insert into SYSTEM.STU (STUNO,NAME,ID,GRADE,JUMIN,BIRTHDAY,TEL,HEIGHT,WEIGHT,DEPTNO1,DEPTNO2,PROFNO) values (9413,'이미경','angel000',4,'7506152123648',to_date('75/06/15','RR/MM/DD'),'053)266-8947',168,52,103,203,3002);
Insert into SYSTEM.STU (STUNO,NAME,ID,GRADE,JUMIN,BIRTHDAY,TEL,HEIGHT,WEIGHT,DEPTNO1,DEPTNO2,PROFNO) values (9414,'김재수','gunmandu',4,'7512251063421',to_date('75/12/25','RR/MM/DD'),'02)6255-9875',177,83,201,null,4001);
Insert into SYSTEM.STU (STUNO,NAME,ID,GRADE,JUMIN,BIRTHDAY,TEL,HEIGHT,WEIGHT,DEPTNO1,DEPTNO2,PROFNO) values (9415,'박동호','pincle1',4,'7503031639826',to_date('75/03/03','RR/MM/DD'),'031)740-6388',182,70,202,null,4003);
Insert into SYSTEM.STU (STUNO,NAME,ID,GRADE,JUMIN,BIRTHDAY,TEL,HEIGHT,WEIGHT,DEPTNO1,DEPTNO2,PROFNO) values (9511,'김신영','bingo',3,'7601232186327',to_date('76/01/23','RR/MM/DD'),'055)333-6328',164,48,101,null,1002);
Insert into SYSTEM.STU (STUNO,NAME,ID,GRADE,JUMIN,BIRTHDAY,TEL,HEIGHT,WEIGHT,DEPTNO1,DEPTNO2,PROFNO) values (9512,'신은경','jjang1',3,'7604122298371',to_date('76/04/12','RR/MM/DD'),'051)418-9627',161,42,102,201,2002);
Insert into SYSTEM.STU (STUNO,NAME,ID,GRADE,JUMIN,BIRTHDAY,TEL,HEIGHT,WEIGHT,DEPTNO1,DEPTNO2,PROFNO) values (9513,'오나라','nara5',3,'7609112118379',to_date('76/09/11','RR/MM/DD'),'051)724-9618',177,55,202,null,4003);
Insert into SYSTEM.STU (STUNO,NAME,ID,GRADE,JUMIN,BIRTHDAY,TEL,HEIGHT,WEIGHT,DEPTNO1,DEPTNO2,PROFNO) values (9514,'구유미','guyume',3,'7601202378641',to_date('76/01/20','RR/MM/DD'),'055)296-3784',160,58,301,101,4007);
Insert into SYSTEM.STU (STUNO,NAME,ID,GRADE,JUMIN,BIRTHDAY,TEL,HEIGHT,WEIGHT,DEPTNO1,DEPTNO2,PROFNO) values (9515,'임세현','shyun1',3,'7610122196482',to_date('76/10/12','RR/MM/DD'),'02)312-9838',171,54,201,null,4001);
Insert into SYSTEM.STU (STUNO,NAME,ID,GRADE,JUMIN,BIRTHDAY,TEL,HEIGHT,WEIGHT,DEPTNO1,DEPTNO2,PROFNO) values (9611,'일지매','onejimae',2,'7711291186223',to_date('77/11/29','RR/MM/DD'),'02)6788-4861',182,72,101,null,1002);
Insert into SYSTEM.STU (STUNO,NAME,ID,GRADE,JUMIN,BIRTHDAY,TEL,HEIGHT,WEIGHT,DEPTNO1,DEPTNO2,PROFNO) values (9612,'김진욱','samjang7',2,'7704021358674',to_date('77/04/02','RR/MM/DD'),'055)488-2998',171,70,102,null,2001);
Insert into SYSTEM.STU (STUNO,NAME,ID,GRADE,JUMIN,BIRTHDAY,TEL,HEIGHT,WEIGHT,DEPTNO1,DEPTNO2,PROFNO) values (9613,'안광훈','nonnon1',2,'7709131276431',to_date('77/09/13','RR/MM/DD'),'053)736-4981',175,82,201,null,4002);
Insert into SYSTEM.STU (STUNO,NAME,ID,GRADE,JUMIN,BIRTHDAY,TEL,HEIGHT,WEIGHT,DEPTNO1,DEPTNO2,PROFNO) values (9614,'김문호','munho',2,'7702261196365',to_date('77/02/26','RR/MM/DD'),'02)6175-3945',166,51,201,null,4003);
Insert into SYSTEM.STU (STUNO,NAME,ID,GRADE,JUMIN,BIRTHDAY,TEL,HEIGHT,WEIGHT,DEPTNO1,DEPTNO2,PROFNO) values (9615,'노정호','star123',2,'7712141254963',to_date('77/12/14','RR/MM/DD'),'051)785-6984',184,62,301,null,4007);
Insert into SYSTEM.STU (STUNO,NAME,ID,GRADE,JUMIN,BIRTHDAY,TEL,HEIGHT,WEIGHT,DEPTNO1,DEPTNO2,PROFNO) values (9711,'이윤나','prettygirl',1,'7808192157498',to_date('78/08/19','RR/MM/DD'),'055)278-3649',162,48,101,null,null);
Insert into SYSTEM.STU (STUNO,NAME,ID,GRADE,JUMIN,BIRTHDAY,TEL,HEIGHT,WEIGHT,DEPTNO1,DEPTNO2,PROFNO) values (9712,'안은수','silverwt',1,'7801051776346',to_date('78/01/05','RR/MM/DD'),'02)381-5440',175,63,201,null,null);
Insert into SYSTEM.STU (STUNO,NAME,ID,GRADE,JUMIN,BIRTHDAY,TEL,HEIGHT,WEIGHT,DEPTNO1,DEPTNO2,PROFNO) values (9713,'인영민','youngmin',1,'7808091786954',to_date('78/08/09','RR/MM/DD'),'031)345-5677',173,69,201,null,null);
Insert into SYSTEM.STU (STUNO,NAME,ID,GRADE,JUMIN,BIRTHDAY,TEL,HEIGHT,WEIGHT,DEPTNO1,DEPTNO2,PROFNO) values (9714,'김주현','kimjh',1,'7803241981987',to_date('78/03/24','RR/MM/DD'),'055)423-9870',179,81,102,null,null);
Insert into SYSTEM.STU (STUNO,NAME,ID,GRADE,JUMIN,BIRTHDAY,TEL,HEIGHT,WEIGHT,DEPTNO1,DEPTNO2,PROFNO) values (9715,'허우','wooya2702',1,'7802232116784',to_date('78/02/23','RR/MM/DD'),'02)6122-2345',163,51,103,null,null);
REM INSERTING into SYSTEM.STUDENT
SET DEFINE OFF;
Insert into SYSTEM.STUDENT (STU_NO,STU_NAME,STU_DEPT,STU_GRADE,STU_CLASS,STU_GENDER,STU_HEIGHT,STU_WEIGHT) values ('20153075','옥한빛','기계',1,'C','M',177,80);
Insert into SYSTEM.STUDENT (STU_NO,STU_NAME,STU_DEPT,STU_GRADE,STU_CLASS,STU_GENDER,STU_HEIGHT,STU_WEIGHT) values ('20153088','이태연','기계',1,'C','F',162,50);
Insert into SYSTEM.STUDENT (STU_NO,STU_NAME,STU_DEPT,STU_GRADE,STU_CLASS,STU_GENDER,STU_HEIGHT,STU_WEIGHT) values ('20143054','유가인','기계',2,'C','F',154,47);
Insert into SYSTEM.STUDENT (STU_NO,STU_NAME,STU_DEPT,STU_GRADE,STU_CLASS,STU_GENDER,STU_HEIGHT,STU_WEIGHT) values ('20152088','조민우','전기전자',1,'C','M',188,90);
Insert into SYSTEM.STUDENT (STU_NO,STU_NAME,STU_DEPT,STU_GRADE,STU_CLASS,STU_GENDER,STU_HEIGHT,STU_WEIGHT) values ('20142021','심수정','전기전자',2,'A','F',168,45);
Insert into SYSTEM.STUDENT (STU_NO,STU_NAME,STU_DEPT,STU_GRADE,STU_CLASS,STU_GENDER,STU_HEIGHT,STU_WEIGHT) values ('20132003','박희철','전기전자',3,'B','M',null,63);
Insert into SYSTEM.STUDENT (STU_NO,STU_NAME,STU_DEPT,STU_GRADE,STU_CLASS,STU_GENDER,STU_HEIGHT,STU_WEIGHT) values ('20151062','김인중','컴퓨터정보',1,'B','M',166,67);
Insert into SYSTEM.STUDENT (STU_NO,STU_NAME,STU_DEPT,STU_GRADE,STU_CLASS,STU_GENDER,STU_HEIGHT,STU_WEIGHT) values ('20141007','진현무','컴퓨터정보',2,'A','M',174,64);
Insert into SYSTEM.STUDENT (STU_NO,STU_NAME,STU_DEPT,STU_GRADE,STU_CLASS,STU_GENDER,STU_HEIGHT,STU_WEIGHT) values ('20131001','김종헌','컴퓨터정보',3,'C','M',null,72);
Insert into SYSTEM.STUDENT (STU_NO,STU_NAME,STU_DEPT,STU_GRADE,STU_CLASS,STU_GENDER,STU_HEIGHT,STU_WEIGHT) values ('20131025','옥성우','컴퓨터정보',3,'A','F',172,63);
Insert into SYSTEM.STUDENT (STU_NO,STU_NAME,STU_DEPT,STU_GRADE,STU_CLASS,STU_GENDER,STU_HEIGHT,STU_WEIGHT) values ('12345678','홍길동','컴퓨터정보',1,'A',null,null,null);
REM INSERTING into SYSTEM.SUBJECT
SET DEFINE OFF;
Insert into SYSTEM.SUBJECT (SUB_NO,SUB_NAME,SUB_PROF,SUB_GRADE,SUB_DEPT) values ('111','데이터베이스','이재영',2,'컴퓨터정보');
Insert into SYSTEM.SUBJECT (SUB_NO,SUB_NAME,SUB_PROF,SUB_GRADE,SUB_DEPT) values ('110','자동제어','정순정',2,'전기전자');
Insert into SYSTEM.SUBJECT (SUB_NO,SUB_NAME,SUB_PROF,SUB_GRADE,SUB_DEPT) values ('109','자동화설계','박민영',3,'기계');
Insert into SYSTEM.SUBJECT (SUB_NO,SUB_NAME,SUB_PROF,SUB_GRADE,SUB_DEPT) values ('101','컴퓨터개론','강종영',3,'컴퓨터정보');
Insert into SYSTEM.SUBJECT (SUB_NO,SUB_NAME,SUB_PROF,SUB_GRADE,SUB_DEPT) values ('102','기계공작법','김태영',1,'기계');
Insert into SYSTEM.SUBJECT (SUB_NO,SUB_NAME,SUB_PROF,SUB_GRADE,SUB_DEPT) values ('103','기초전자실험','김유석',1,'전기전자');
Insert into SYSTEM.SUBJECT (SUB_NO,SUB_NAME,SUB_PROF,SUB_GRADE,SUB_DEPT) values ('104','시스템분석설계','강석현',3,'컴퓨터정보');
Insert into SYSTEM.SUBJECT (SUB_NO,SUB_NAME,SUB_PROF,SUB_GRADE,SUB_DEPT) values ('105','기계요소설계','김명성',1,'기계');
Insert into SYSTEM.SUBJECT (SUB_NO,SUB_NAME,SUB_PROF,SUB_GRADE,SUB_DEPT) values ('106','전자회로실험','최영민',3,'전기전자');
Insert into SYSTEM.SUBJECT (SUB_NO,SUB_NAME,SUB_PROF,SUB_GRADE,SUB_DEPT) values ('107','CAD응용실습','구봉규',2,'기계');
Insert into SYSTEM.SUBJECT (SUB_NO,SUB_NAME,SUB_PROF,SUB_GRADE,SUB_DEPT) values ('108','소프트웨어공학','권민성',1,'컴퓨터정보');
REM INSERTING into SYSTEM.TBL_ASSIGNMENT
SET DEFINE OFF;
Insert into SYSTEM.TBL_ASSIGNMENT (EMP_ID,PROJ_ID,ROLE,HOURS_PER_WEEK) values ('E1004','P001','PM',20);
Insert into SYSTEM.TBL_ASSIGNMENT (EMP_ID,PROJ_ID,ROLE,HOURS_PER_WEEK) values ('E1005','P001','개발자',35);
Insert into SYSTEM.TBL_ASSIGNMENT (EMP_ID,PROJ_ID,ROLE,HOURS_PER_WEEK) values ('E1006','P001','디자이너',30);
Insert into SYSTEM.TBL_ASSIGNMENT (EMP_ID,PROJ_ID,ROLE,HOURS_PER_WEEK) values ('E1005','P002','개발자',30);
Insert into SYSTEM.TBL_ASSIGNMENT (EMP_ID,PROJ_ID,ROLE,HOURS_PER_WEEK) values ('E1007','P003','마케터',25);
REM INSERTING into SYSTEM.TBL_BOARD
SET DEFINE OFF;
Insert into SYSTEM.TBL_BOARD (BOARDNO,USERID,TITLE,CONTENTS,CNT,KIND,CDATETIME,UDATETIME) values (1,'user01','공지사항 1','공지 내용입니다.',11,'1',to_date('26/03/03','RR/MM/DD'),to_date('26/03/03','RR/MM/DD'));
Insert into SYSTEM.TBL_BOARD (BOARDNO,USERID,TITLE,CONTENTS,CNT,KIND,CDATETIME,UDATETIME) values (2,'user03','자유글 1','자유 게시판 글입니다.',35,'2',to_date('26/03/03','RR/MM/DD'),to_date('26/03/03','RR/MM/DD'));
Insert into SYSTEM.TBL_BOARD (BOARDNO,USERID,TITLE,CONTENTS,CNT,KIND,CDATETIME,UDATETIME) values (3,'user03','질문 1','질문 있습니다.',32,'3',to_date('26/03/03','RR/MM/DD'),to_date('26/03/03','RR/MM/DD'));
Insert into SYSTEM.TBL_BOARD (BOARDNO,USERID,TITLE,CONTENTS,CNT,KIND,CDATETIME,UDATETIME) values (4,'user01','자유글 2','두번째 자유글',41,'2',to_date('26/03/03','RR/MM/DD'),to_date('26/03/03','RR/MM/DD'));
Insert into SYSTEM.TBL_BOARD (BOARDNO,USERID,TITLE,CONTENTS,CNT,KIND,CDATETIME,UDATETIME) values (5,'user05','공지사항 2','두번째 공지',120,'1',to_date('26/03/03','RR/MM/DD'),to_date('26/03/03','RR/MM/DD'));
Insert into SYSTEM.TBL_BOARD (BOARDNO,USERID,TITLE,CONTENTS,CNT,KIND,CDATETIME,UDATETIME) values (6,'user01','질문 2','오라클 질문',12,'3',to_date('26/03/03','RR/MM/DD'),to_date('26/03/03','RR/MM/DD'));
Insert into SYSTEM.TBL_BOARD (BOARDNO,USERID,TITLE,CONTENTS,CNT,KIND,CDATETIME,UDATETIME) values (7,'user01','자유글 3','오늘 날씨 좋네요',65,'2',to_date('26/03/03','RR/MM/DD'),to_date('26/03/03','RR/MM/DD'));
Insert into SYSTEM.TBL_BOARD (BOARDNO,USERID,TITLE,CONTENTS,CNT,KIND,CDATETIME,UDATETIME) values (8,'user02','공지사항 3','세번째 공지',45,'1',to_date('26/03/03','RR/MM/DD'),to_date('26/03/03','RR/MM/DD'));
Insert into SYSTEM.TBL_BOARD (BOARDNO,USERID,TITLE,CONTENTS,CNT,KIND,CDATETIME,UDATETIME) values (9,'user02','질문 3','SQL이 안돼요',22,'3',to_date('26/03/03','RR/MM/DD'),to_date('26/03/03','RR/MM/DD'));
Insert into SYSTEM.TBL_BOARD (BOARDNO,USERID,TITLE,CONTENTS,CNT,KIND,CDATETIME,UDATETIME) values (10,'user02','자유글 4','마지막 자유글',15,'2',to_date('26/03/03','RR/MM/DD'),to_date('26/03/03','RR/MM/DD'));
REM INSERTING into SYSTEM.TBL_COMMENT
SET DEFINE OFF;
Insert into SYSTEM.TBL_COMMENT (COMMENTNO,BOARDNO,USERID,CONTENTS,P_COMMENTNO,CDATETIME,UDATETIME) values (1,1,'user02','첫 댓글입니다.',null,to_date('26/03/03','RR/MM/DD'),to_date('26/03/03','RR/MM/DD'));
Insert into SYSTEM.TBL_COMMENT (COMMENTNO,BOARDNO,USERID,CONTENTS,P_COMMENTNO,CDATETIME,UDATETIME) values (2,1,'user04','두번째 댓글',null,to_date('26/03/03','RR/MM/DD'),to_date('26/03/03','RR/MM/DD'));
Insert into SYSTEM.TBL_COMMENT (COMMENTNO,BOARDNO,USERID,CONTENTS,P_COMMENTNO,CDATETIME,UDATETIME) values (3,1,'user05','대댓글입니다.',1,to_date('26/03/03','RR/MM/DD'),to_date('26/03/03','RR/MM/DD'));
Insert into SYSTEM.TBL_COMMENT (COMMENTNO,BOARDNO,USERID,CONTENTS,P_COMMENTNO,CDATETIME,UDATETIME) values (4,2,'user05','좋은 글이네요.',null,to_date('26/03/03','RR/MM/DD'),to_date('26/03/03','RR/MM/DD'));
Insert into SYSTEM.TBL_COMMENT (COMMENTNO,BOARDNO,USERID,CONTENTS,P_COMMENTNO,CDATETIME,UDATETIME) values (5,2,'user04','동의합니다.',null,to_date('26/03/03','RR/MM/DD'),to_date('26/03/03','RR/MM/DD'));
Insert into SYSTEM.TBL_COMMENT (COMMENTNO,BOARDNO,USERID,CONTENTS,P_COMMENTNO,CDATETIME,UDATETIME) values (6,3,'user02','답변 기다립니다.',null,to_date('26/03/03','RR/MM/DD'),to_date('26/03/03','RR/MM/DD'));
Insert into SYSTEM.TBL_COMMENT (COMMENTNO,BOARDNO,USERID,CONTENTS,P_COMMENTNO,CDATETIME,UDATETIME) values (7,3,'user01','저도 궁금해요.',null,to_date('26/03/03','RR/MM/DD'),to_date('26/03/03','RR/MM/DD'));
Insert into SYSTEM.TBL_COMMENT (COMMENTNO,BOARDNO,USERID,CONTENTS,P_COMMENTNO,CDATETIME,UDATETIME) values (8,3,'user05','대댓글 테스트',6,to_date('26/03/03','RR/MM/DD'),to_date('26/03/03','RR/MM/DD'));
Insert into SYSTEM.TBL_COMMENT (COMMENTNO,BOARDNO,USERID,CONTENTS,P_COMMENTNO,CDATETIME,UDATETIME) values (9,4,'user04','재밌네요.',null,to_date('26/03/03','RR/MM/DD'),to_date('26/03/03','RR/MM/DD'));
Insert into SYSTEM.TBL_COMMENT (COMMENTNO,BOARDNO,USERID,CONTENTS,P_COMMENTNO,CDATETIME,UDATETIME) values (10,4,'user05','감사합니다.',null,to_date('26/03/03','RR/MM/DD'),to_date('26/03/03','RR/MM/DD'));
Insert into SYSTEM.TBL_COMMENT (COMMENTNO,BOARDNO,USERID,CONTENTS,P_COMMENTNO,CDATETIME,UDATETIME) values (11,5,'user02','공지 확인했습니다.',null,to_date('26/03/03','RR/MM/DD'),to_date('26/03/03','RR/MM/DD'));
Insert into SYSTEM.TBL_COMMENT (COMMENTNO,BOARDNO,USERID,CONTENTS,P_COMMENTNO,CDATETIME,UDATETIME) values (12,5,'user03','수고하셨습니다.',null,to_date('26/03/03','RR/MM/DD'),to_date('26/03/03','RR/MM/DD'));
Insert into SYSTEM.TBL_COMMENT (COMMENTNO,BOARDNO,USERID,CONTENTS,P_COMMENTNO,CDATETIME,UDATETIME) values (13,6,'user04','저도 같은 문제입니다.',null,to_date('26/03/03','RR/MM/DD'),to_date('26/03/03','RR/MM/DD'));
Insert into SYSTEM.TBL_COMMENT (COMMENTNO,BOARDNO,USERID,CONTENTS,P_COMMENTNO,CDATETIME,UDATETIME) values (14,6,'user05','해결되셨나요?',null,to_date('26/03/03','RR/MM/DD'),to_date('26/03/03','RR/MM/DD'));
Insert into SYSTEM.TBL_COMMENT (COMMENTNO,BOARDNO,USERID,CONTENTS,P_COMMENTNO,CDATETIME,UDATETIME) values (15,7,'user01','좋은 하루 되세요.',null,to_date('26/03/03','RR/MM/DD'),to_date('26/03/03','RR/MM/DD'));
Insert into SYSTEM.TBL_COMMENT (COMMENTNO,BOARDNO,USERID,CONTENTS,P_COMMENTNO,CDATETIME,UDATETIME) values (16,7,'user02','네 감사합니다.',15,to_date('26/03/03','RR/MM/DD'),to_date('26/03/03','RR/MM/DD'));
Insert into SYSTEM.TBL_COMMENT (COMMENTNO,BOARDNO,USERID,CONTENTS,P_COMMENTNO,CDATETIME,UDATETIME) values (17,8,'user03','공지 잘봤습니다.',null,to_date('26/03/03','RR/MM/DD'),to_date('26/03/03','RR/MM/DD'));
Insert into SYSTEM.TBL_COMMENT (COMMENTNO,BOARDNO,USERID,CONTENTS,P_COMMENTNO,CDATETIME,UDATETIME) values (18,8,'user04','확인 완료.',null,to_date('26/03/03','RR/MM/DD'),to_date('26/03/03','RR/MM/DD'));
Insert into SYSTEM.TBL_COMMENT (COMMENTNO,BOARDNO,USERID,CONTENTS,P_COMMENTNO,CDATETIME,UDATETIME) values (19,9,'user05','질문 있습니다.',null,to_date('26/03/03','RR/MM/DD'),to_date('26/03/03','RR/MM/DD'));
Insert into SYSTEM.TBL_COMMENT (COMMENTNO,BOARDNO,USERID,CONTENTS,P_COMMENTNO,CDATETIME,UDATETIME) values (20,9,'user02','무엇이 궁금하신가요?',19,to_date('26/03/03','RR/MM/DD'),to_date('26/03/03','RR/MM/DD'));
Insert into SYSTEM.TBL_COMMENT (COMMENTNO,BOARDNO,USERID,CONTENTS,P_COMMENTNO,CDATETIME,UDATETIME) values (21,10,'user04','마지막 댓글1',null,to_date('26/03/03','RR/MM/DD'),to_date('26/03/03','RR/MM/DD'));
Insert into SYSTEM.TBL_COMMENT (COMMENTNO,BOARDNO,USERID,CONTENTS,P_COMMENTNO,CDATETIME,UDATETIME) values (22,10,'user03','마지막 댓글2',null,to_date('26/03/03','RR/MM/DD'),to_date('26/03/03','RR/MM/DD'));
Insert into SYSTEM.TBL_COMMENT (COMMENTNO,BOARDNO,USERID,CONTENTS,P_COMMENTNO,CDATETIME,UDATETIME) values (23,10,'user04','마지막 댓글3',null,to_date('26/03/03','RR/MM/DD'),to_date('26/03/03','RR/MM/DD'));
Insert into SYSTEM.TBL_COMMENT (COMMENTNO,BOARDNO,USERID,CONTENTS,P_COMMENTNO,CDATETIME,UDATETIME) values (24,10,'user05','마지막 댓글4',null,to_date('26/03/03','RR/MM/DD'),to_date('26/03/03','RR/MM/DD'));
Insert into SYSTEM.TBL_COMMENT (COMMENTNO,BOARDNO,USERID,CONTENTS,P_COMMENTNO,CDATETIME,UDATETIME) values (25,5,'user01','추가된 25번째 댓글입니다.',null,to_date('26/03/03','RR/MM/DD'),to_date('26/03/03','RR/MM/DD'));
REM INSERTING into SYSTEM.TBL_DEPT
SET DEFINE OFF;
Insert into SYSTEM.TBL_DEPT (DEPT_ID,DEPT_NAME,LOCATION,HEAD_ID) values ('D01','경영지원팀','서울','E1001');
Insert into SYSTEM.TBL_DEPT (DEPT_ID,DEPT_NAME,LOCATION,HEAD_ID) values ('D02','개발팀','판교','E1003');
Insert into SYSTEM.TBL_DEPT (DEPT_ID,DEPT_NAME,LOCATION,HEAD_ID) values ('D03','마케팅팀','부산','E1007');
REM INSERTING into SYSTEM.TBL_EMP
SET DEFINE OFF;
Insert into SYSTEM.TBL_EMP (EMP_ID,EMP_NAME,JOB_TITLE,MANAGER_ID,HIRE_DATE,SALARY,DEPT_ID) values ('E1001','김서준','사장',null,to_date('15/03/01','RR/MM/DD'),12000000,'D01');
Insert into SYSTEM.TBL_EMP (EMP_ID,EMP_NAME,JOB_TITLE,MANAGER_ID,HIRE_DATE,SALARY,DEPT_ID) values ('E1002','이하늘','이사','E1001',to_date('16/05/15','RR/MM/DD'),9500000,'D01');
Insert into SYSTEM.TBL_EMP (EMP_ID,EMP_NAME,JOB_TITLE,MANAGER_ID,HIRE_DATE,SALARY,DEPT_ID) values ('E1003','박지민','부장','E1002',to_date('17/08/20','RR/MM/DD'),8500000,'D02');
Insert into SYSTEM.TBL_EMP (EMP_ID,EMP_NAME,JOB_TITLE,MANAGER_ID,HIRE_DATE,SALARY,DEPT_ID) values ('E1004','최유리','과장','E1003',to_date('18/11/10','RR/MM/DD'),6700000,'D02');
Insert into SYSTEM.TBL_EMP (EMP_ID,EMP_NAME,JOB_TITLE,MANAGER_ID,HIRE_DATE,SALARY,DEPT_ID) values ('E1005','정우성','사원','E1004',to_date('20/02/01','RR/MM/DD'),4200000,'D02');
Insert into SYSTEM.TBL_EMP (EMP_ID,EMP_NAME,JOB_TITLE,MANAGER_ID,HIRE_DATE,SALARY,DEPT_ID) values ('E1006','김보라','사원','E1004',to_date('21/06/15','RR/MM/DD'),4100000,'D02');
Insert into SYSTEM.TBL_EMP (EMP_ID,EMP_NAME,JOB_TITLE,MANAGER_ID,HIRE_DATE,SALARY,DEPT_ID) values ('E1007','한지민','대리','E1003',to_date('19/03/01','RR/MM/DD'),5200000,'D03');
REM INSERTING into SYSTEM.TBL_FRUIT
SET DEFINE OFF;
REM INSERTING into SYSTEM.TBL_NOTE
SET DEFINE OFF;
Insert into SYSTEM.TBL_NOTE (USERID,QUIZ_ID,COUNTRY,CAPITAL) values ('1234',22,'사우디아라비아','리야드');
Insert into SYSTEM.TBL_NOTE (USERID,QUIZ_ID,COUNTRY,CAPITAL) values ('1234',28,'노르웨이','오슬로');
Insert into SYSTEM.TBL_NOTE (USERID,QUIZ_ID,COUNTRY,CAPITAL) values ('1234',13,'스페인','마드리드');
Insert into SYSTEM.TBL_NOTE (USERID,QUIZ_ID,COUNTRY,CAPITAL) values ('1234',14,'인도','뉴델리');
REM INSERTING into SYSTEM.TBL_PROJECT
SET DEFINE OFF;
Insert into SYSTEM.TBL_PROJECT (PROJ_ID,PROJ_NAME,START_DATE,END_DATE,BUDGET,DEPT_ID) values ('P001','모바일 앱 개발',to_date('22/01/01','RR/MM/DD'),to_date('22/12/31','RR/MM/DD'),50000000,'D02');
Insert into SYSTEM.TBL_PROJECT (PROJ_ID,PROJ_NAME,START_DATE,END_DATE,BUDGET,DEPT_ID) values ('P002','웹 리뉴얼',to_date('23/03/01','RR/MM/DD'),to_date('23/11/30','RR/MM/DD'),30000000,'D02');
Insert into SYSTEM.TBL_PROJECT (PROJ_ID,PROJ_NAME,START_DATE,END_DATE,BUDGET,DEPT_ID) values ('P003','광고 캠페인',to_date('23/05/01','RR/MM/DD'),to_date('23/12/01','RR/MM/DD'),20000000,'D03');
REM INSERTING into SYSTEM.TBL_QUIZ
SET DEFINE OFF;
Insert into SYSTEM.TBL_QUIZ (QUIZ_ID,COUNTRY,CAPITAL) values (1,'대한민국','서울');
Insert into SYSTEM.TBL_QUIZ (QUIZ_ID,COUNTRY,CAPITAL) values (2,'미국','워싱턴DC');
Insert into SYSTEM.TBL_QUIZ (QUIZ_ID,COUNTRY,CAPITAL) values (3,'일본','도쿄');
Insert into SYSTEM.TBL_QUIZ (QUIZ_ID,COUNTRY,CAPITAL) values (4,'중국','베이징');
Insert into SYSTEM.TBL_QUIZ (QUIZ_ID,COUNTRY,CAPITAL) values (5,'영국','런던');
Insert into SYSTEM.TBL_QUIZ (QUIZ_ID,COUNTRY,CAPITAL) values (6,'프랑스','파리');
Insert into SYSTEM.TBL_QUIZ (QUIZ_ID,COUNTRY,CAPITAL) values (7,'독일','베를린');
Insert into SYSTEM.TBL_QUIZ (QUIZ_ID,COUNTRY,CAPITAL) values (8,'이탈리아','로마');
Insert into SYSTEM.TBL_QUIZ (QUIZ_ID,COUNTRY,CAPITAL) values (9,'캐나다','오타와');
Insert into SYSTEM.TBL_QUIZ (QUIZ_ID,COUNTRY,CAPITAL) values (10,'호주','캔버라');
Insert into SYSTEM.TBL_QUIZ (QUIZ_ID,COUNTRY,CAPITAL) values (11,'브라질','브라질리아');
Insert into SYSTEM.TBL_QUIZ (QUIZ_ID,COUNTRY,CAPITAL) values (12,'러시아','모스크바');
Insert into SYSTEM.TBL_QUIZ (QUIZ_ID,COUNTRY,CAPITAL) values (13,'스페인','마드리드');
Insert into SYSTEM.TBL_QUIZ (QUIZ_ID,COUNTRY,CAPITAL) values (14,'인도','뉴델리');
Insert into SYSTEM.TBL_QUIZ (QUIZ_ID,COUNTRY,CAPITAL) values (15,'멕시코','멕시코시티');
Insert into SYSTEM.TBL_QUIZ (QUIZ_ID,COUNTRY,CAPITAL) values (16,'아르헨티나','부에노스아이레스');
Insert into SYSTEM.TBL_QUIZ (QUIZ_ID,COUNTRY,CAPITAL) values (17,'이집트','카이로');
Insert into SYSTEM.TBL_QUIZ (QUIZ_ID,COUNTRY,CAPITAL) values (18,'터키','앙카라');
Insert into SYSTEM.TBL_QUIZ (QUIZ_ID,COUNTRY,CAPITAL) values (19,'태국','방콕');
Insert into SYSTEM.TBL_QUIZ (QUIZ_ID,COUNTRY,CAPITAL) values (20,'베트남','하노이');
Insert into SYSTEM.TBL_QUIZ (QUIZ_ID,COUNTRY,CAPITAL) values (21,'인도네시아','자카르타');
Insert into SYSTEM.TBL_QUIZ (QUIZ_ID,COUNTRY,CAPITAL) values (22,'사우디아라비아','리야드');
Insert into SYSTEM.TBL_QUIZ (QUIZ_ID,COUNTRY,CAPITAL) values (23,'남아프리카공화국','프리토리아');
Insert into SYSTEM.TBL_QUIZ (QUIZ_ID,COUNTRY,CAPITAL) values (24,'스위스','베른');
Insert into SYSTEM.TBL_QUIZ (QUIZ_ID,COUNTRY,CAPITAL) values (25,'네덜란드','암스테르담');
Insert into SYSTEM.TBL_QUIZ (QUIZ_ID,COUNTRY,CAPITAL) values (26,'벨기에','브뤼셀');
Insert into SYSTEM.TBL_QUIZ (QUIZ_ID,COUNTRY,CAPITAL) values (27,'스웨덴','스톡홀름');
Insert into SYSTEM.TBL_QUIZ (QUIZ_ID,COUNTRY,CAPITAL) values (28,'노르웨이','오슬로');
Insert into SYSTEM.TBL_QUIZ (QUIZ_ID,COUNTRY,CAPITAL) values (29,'그리스','아테네');
Insert into SYSTEM.TBL_QUIZ (QUIZ_ID,COUNTRY,CAPITAL) values (30,'폴란드','바르샤바');
REM INSERTING into SYSTEM.TBL_STUDENT
SET DEFINE OFF;
REM INSERTING into SYSTEM.TBL_USER
SET DEFINE OFF;
Insert into SYSTEM.TBL_USER (USERID,PWD,USERNAME,BIRTH,PHONE,GENDER,EMAIL,RECOMMID,CDATETIME) values ('user01','pw01','홍길동',to_date('90/01/01','RR/MM/DD'),'010-1111-1111','M','user01@test.com',null,to_date('26/03/03','RR/MM/DD'));
Insert into SYSTEM.TBL_USER (USERID,PWD,USERNAME,BIRTH,PHONE,GENDER,EMAIL,RECOMMID,CDATETIME) values ('user02','pw02','김영희',to_date('92/02/02','RR/MM/DD'),'010-2222-2222','F','user02@test.com','user01',to_date('26/03/03','RR/MM/DD'));
Insert into SYSTEM.TBL_USER (USERID,PWD,USERNAME,BIRTH,PHONE,GENDER,EMAIL,RECOMMID,CDATETIME) values ('user03','pw03','이철수',to_date('88/03/03','RR/MM/DD'),'010-3333-3333','M','user03@test.com','user01',to_date('26/03/03','RR/MM/DD'));
Insert into SYSTEM.TBL_USER (USERID,PWD,USERNAME,BIRTH,PHONE,GENDER,EMAIL,RECOMMID,CDATETIME) values ('user04','pw04','박민지',to_date('95/04/04','RR/MM/DD'),'010-4444-4444','F',null,null,to_date('26/03/03','RR/MM/DD'));
Insert into SYSTEM.TBL_USER (USERID,PWD,USERNAME,BIRTH,PHONE,GENDER,EMAIL,RECOMMID,CDATETIME) values ('user05','pw05','최지훈',to_date('93/05/05','RR/MM/DD'),'010-5555-5555','M','user05@test.com','user02',to_date('26/03/03','RR/MM/DD'));
--------------------------------------------------------
--  DDL for Index SYS_C008383
--------------------------------------------------------

  CREATE UNIQUE INDEX "SYSTEM"."SYS_C008383" ON "SYSTEM"."BOARD" ("BOARDNO") 
  PCTFREE 10 INITRANS 2 MAXTRANS 255 
  STORAGE(INITIAL 65536 NEXT 1048576 MINEXTENTS 1 MAXEXTENTS 2147483645
  PCTINCREASE 0 FREELISTS 1 FREELIST GROUPS 1
  BUFFER_POOL DEFAULT FLASH_CACHE DEFAULT CELL_FLASH_CACHE DEFAULT)
  TABLESPACE "SYSTEM" ;
--------------------------------------------------------
--  DDL for Index SYS_C008425
--------------------------------------------------------

  CREATE UNIQUE INDEX "SYSTEM"."SYS_C008425" ON "SYSTEM"."BOOK" ("BOOKID") 
  PCTFREE 10 INITRANS 2 MAXTRANS 255 
  STORAGE(INITIAL 65536 NEXT 1048576 MINEXTENTS 1 MAXEXTENTS 2147483645
  PCTINCREASE 0 FREELISTS 1 FREELIST GROUPS 1
  BUFFER_POOL DEFAULT FLASH_CACHE DEFAULT CELL_FLASH_CACHE DEFAULT)
  TABLESPACE "SYSTEM" ;
--------------------------------------------------------
--  DDL for Index SYS_C008426
--------------------------------------------------------

  CREATE UNIQUE INDEX "SYSTEM"."SYS_C008426" ON "SYSTEM"."CUSTOMER" ("CUSTID") 
  PCTFREE 10 INITRANS 2 MAXTRANS 255 
  STORAGE(INITIAL 65536 NEXT 1048576 MINEXTENTS 1 MAXEXTENTS 2147483645
  PCTINCREASE 0 FREELISTS 1 FREELIST GROUPS 1
  BUFFER_POOL DEFAULT FLASH_CACHE DEFAULT CELL_FLASH_CACHE DEFAULT)
  TABLESPACE "SYSTEM" ;
--------------------------------------------------------
--  DDL for Index SYS_C008373
--------------------------------------------------------

  CREATE UNIQUE INDEX "SYSTEM"."SYS_C008373" ON "SYSTEM"."DEPARTMENT" ("DEPTNO") 
  PCTFREE 10 INITRANS 2 MAXTRANS 255 COMPUTE STATISTICS 
  STORAGE(INITIAL 65536 NEXT 1048576 MINEXTENTS 1 MAXEXTENTS 2147483645
  PCTINCREASE 0 FREELISTS 1 FREELIST GROUPS 1
  BUFFER_POOL DEFAULT FLASH_CACHE DEFAULT CELL_FLASH_CACHE DEFAULT)
  TABLESPACE "USERS" ;
--------------------------------------------------------
--  DDL for Index SYS_C008435
--------------------------------------------------------

  CREATE UNIQUE INDEX "SYSTEM"."SYS_C008435" ON "SYSTEM"."MEMBER" ("MEMBER_ID") 
  PCTFREE 10 INITRANS 2 MAXTRANS 255 
  STORAGE(INITIAL 65536 NEXT 1048576 MINEXTENTS 1 MAXEXTENTS 2147483645
  PCTINCREASE 0 FREELISTS 1 FREELIST GROUPS 1
  BUFFER_POOL DEFAULT FLASH_CACHE DEFAULT CELL_FLASH_CACHE DEFAULT)
  TABLESPACE "SYSTEM" ;
--------------------------------------------------------
--  DDL for Index SYS_C008436
--------------------------------------------------------

  CREATE UNIQUE INDEX "SYSTEM"."SYS_C008436" ON "SYSTEM"."MEMBER_POINT" ("POINT_ID") 
  PCTFREE 10 INITRANS 2 MAXTRANS 255 
  STORAGE(INITIAL 65536 NEXT 1048576 MINEXTENTS 1 MAXEXTENTS 2147483645
  PCTINCREASE 0 FREELISTS 1 FREELIST GROUPS 1
  BUFFER_POOL DEFAULT FLASH_CACHE DEFAULT CELL_FLASH_CACHE DEFAULT)
  TABLESPACE "SYSTEM" ;
--------------------------------------------------------
--  DDL for Index SYS_C008427
--------------------------------------------------------

  CREATE UNIQUE INDEX "SYSTEM"."SYS_C008427" ON "SYSTEM"."ORDERS" ("ORDERID") 
  PCTFREE 10 INITRANS 2 MAXTRANS 255 
  STORAGE(INITIAL 65536 NEXT 1048576 MINEXTENTS 1 MAXEXTENTS 2147483645
  PCTINCREASE 0 FREELISTS 1 FREELIST GROUPS 1
  BUFFER_POOL DEFAULT FLASH_CACHE DEFAULT CELL_FLASH_CACHE DEFAULT)
  TABLESPACE "SYSTEM" ;
--------------------------------------------------------
--  DDL for Index SYS_C008438
--------------------------------------------------------

  CREATE UNIQUE INDEX "SYSTEM"."SYS_C008438" ON "SYSTEM"."PRODUCT" ("PRODUCT_ID") 
  PCTFREE 10 INITRANS 2 MAXTRANS 255 
  STORAGE(INITIAL 65536 NEXT 1048576 MINEXTENTS 1 MAXEXTENTS 2147483645
  PCTINCREASE 0 FREELISTS 1 FREELIST GROUPS 1
  BUFFER_POOL DEFAULT FLASH_CACHE DEFAULT CELL_FLASH_CACHE DEFAULT)
  TABLESPACE "SYSTEM" ;
--------------------------------------------------------
--  DDL for Index SYS_C008439
--------------------------------------------------------

  CREATE UNIQUE INDEX "SYSTEM"."SYS_C008439" ON "SYSTEM"."PRODUCT_ORDERS" ("ORDER_ID") 
  PCTFREE 10 INITRANS 2 MAXTRANS 255 
  STORAGE(INITIAL 65536 NEXT 1048576 MINEXTENTS 1 MAXEXTENTS 2147483645
  PCTINCREASE 0 FREELISTS 1 FREELIST GROUPS 1
  BUFFER_POOL DEFAULT FLASH_CACHE DEFAULT CELL_FLASH_CACHE DEFAULT)
  TABLESPACE "SYSTEM" ;
--------------------------------------------------------
--  DDL for Index SYS_C008371
--------------------------------------------------------

  CREATE UNIQUE INDEX "SYSTEM"."SYS_C008371" ON "SYSTEM"."PROFESSOR" ("PROFNO") 
  PCTFREE 10 INITRANS 2 MAXTRANS 255 COMPUTE STATISTICS 
  STORAGE(INITIAL 65536 NEXT 1048576 MINEXTENTS 1 MAXEXTENTS 2147483645
  PCTINCREASE 0 FREELISTS 1 FREELIST GROUPS 1
  BUFFER_POOL DEFAULT FLASH_CACHE DEFAULT CELL_FLASH_CACHE DEFAULT)
  TABLESPACE "USERS" ;
--------------------------------------------------------
--  DDL for Index SYS_C008378
--------------------------------------------------------

  CREATE UNIQUE INDEX "SYSTEM"."SYS_C008378" ON "SYSTEM"."STU" ("STUNO") 
  PCTFREE 10 INITRANS 2 MAXTRANS 255 COMPUTE STATISTICS 
  STORAGE(INITIAL 65536 NEXT 1048576 MINEXTENTS 1 MAXEXTENTS 2147483645
  PCTINCREASE 0 FREELISTS 1 FREELIST GROUPS 1
  BUFFER_POOL DEFAULT FLASH_CACHE DEFAULT CELL_FLASH_CACHE DEFAULT)
  TABLESPACE "USERS" ;
--------------------------------------------------------
--  DDL for Index SYS_C008379
--------------------------------------------------------

  CREATE UNIQUE INDEX "SYSTEM"."SYS_C008379" ON "SYSTEM"."STU" ("ID") 
  PCTFREE 10 INITRANS 2 MAXTRANS 255 COMPUTE STATISTICS 
  STORAGE(INITIAL 65536 NEXT 1048576 MINEXTENTS 1 MAXEXTENTS 2147483645
  PCTINCREASE 0 FREELISTS 1 FREELIST GROUPS 1
  BUFFER_POOL DEFAULT FLASH_CACHE DEFAULT CELL_FLASH_CACHE DEFAULT)
  TABLESPACE "USERS" ;
--------------------------------------------------------
--  DDL for Index SYS_C008347
--------------------------------------------------------

  CREATE UNIQUE INDEX "SYSTEM"."SYS_C008347" ON "SYSTEM"."STUDENT" ("STU_NO") 
  PCTFREE 10 INITRANS 2 MAXTRANS 255 COMPUTE STATISTICS 
  STORAGE(INITIAL 65536 NEXT 1048576 MINEXTENTS 1 MAXEXTENTS 2147483645
  PCTINCREASE 0 FREELISTS 1 FREELIST GROUPS 1
  BUFFER_POOL DEFAULT FLASH_CACHE DEFAULT CELL_FLASH_CACHE DEFAULT)
  TABLESPACE "SYSTEM" ;
--------------------------------------------------------
--  DDL for Index SYS_C008315
--------------------------------------------------------

  CREATE UNIQUE INDEX "SYSTEM"."SYS_C008315" ON "SYSTEM"."SUBJECT" ("SUB_NO") 
  PCTFREE 10 INITRANS 2 MAXTRANS 255 COMPUTE STATISTICS 
  STORAGE(INITIAL 65536 NEXT 1048576 MINEXTENTS 1 MAXEXTENTS 2147483645
  PCTINCREASE 0 FREELISTS 1 FREELIST GROUPS 1
  BUFFER_POOL DEFAULT FLASH_CACHE DEFAULT CELL_FLASH_CACHE DEFAULT)
  TABLESPACE "SYSTEM" ;
--------------------------------------------------------
--  DDL for Index PK_TBL_BOARD
--------------------------------------------------------

  CREATE UNIQUE INDEX "SYSTEM"."PK_TBL_BOARD" ON "SYSTEM"."TBL_BOARD" ("BOARDNO") 
  PCTFREE 10 INITRANS 2 MAXTRANS 255 
  STORAGE(INITIAL 65536 NEXT 1048576 MINEXTENTS 1 MAXEXTENTS 2147483645
  PCTINCREASE 0 FREELISTS 1 FREELIST GROUPS 1
  BUFFER_POOL DEFAULT FLASH_CACHE DEFAULT CELL_FLASH_CACHE DEFAULT)
  TABLESPACE "SYSTEM" ;
--------------------------------------------------------
--  DDL for Index PK_TBL_COMMENT
--------------------------------------------------------

  CREATE UNIQUE INDEX "SYSTEM"."PK_TBL_COMMENT" ON "SYSTEM"."TBL_COMMENT" ("COMMENTNO") 
  PCTFREE 10 INITRANS 2 MAXTRANS 255 
  STORAGE(INITIAL 65536 NEXT 1048576 MINEXTENTS 1 MAXEXTENTS 2147483645
  PCTINCREASE 0 FREELISTS 1 FREELIST GROUPS 1
  BUFFER_POOL DEFAULT FLASH_CACHE DEFAULT CELL_FLASH_CACHE DEFAULT)
  TABLESPACE "SYSTEM" ;
--------------------------------------------------------
--  DDL for Index SYS_C008432
--------------------------------------------------------

  CREATE UNIQUE INDEX "SYSTEM"."SYS_C008432" ON "SYSTEM"."TBL_DEPT" ("DEPT_ID") 
  PCTFREE 10 INITRANS 2 MAXTRANS 255 
  STORAGE(INITIAL 65536 NEXT 1048576 MINEXTENTS 1 MAXEXTENTS 2147483645
  PCTINCREASE 0 FREELISTS 1 FREELIST GROUPS 1
  BUFFER_POOL DEFAULT FLASH_CACHE DEFAULT CELL_FLASH_CACHE DEFAULT)
  TABLESPACE "SYSTEM" ;
--------------------------------------------------------
--  DDL for Index SYS_C008431
--------------------------------------------------------

  CREATE UNIQUE INDEX "SYSTEM"."SYS_C008431" ON "SYSTEM"."TBL_EMP" ("EMP_ID") 
  PCTFREE 10 INITRANS 2 MAXTRANS 255 
  STORAGE(INITIAL 65536 NEXT 1048576 MINEXTENTS 1 MAXEXTENTS 2147483645
  PCTINCREASE 0 FREELISTS 1 FREELIST GROUPS 1
  BUFFER_POOL DEFAULT FLASH_CACHE DEFAULT CELL_FLASH_CACHE DEFAULT)
  TABLESPACE "SYSTEM" ;
--------------------------------------------------------
--  DDL for Index TBL_FRUIT_PK
--------------------------------------------------------

  CREATE UNIQUE INDEX "SYSTEM"."TBL_FRUIT_PK" ON "SYSTEM"."TBL_FRUIT" ("NAME") 
  PCTFREE 10 INITRANS 2 MAXTRANS 255 COMPUTE STATISTICS 
  STORAGE(INITIAL 65536 NEXT 1048576 MINEXTENTS 1 MAXEXTENTS 2147483645
  PCTINCREASE 0 FREELISTS 1 FREELIST GROUPS 1
  BUFFER_POOL DEFAULT FLASH_CACHE DEFAULT CELL_FLASH_CACHE DEFAULT)
  TABLESPACE "SYSTEM" ;
--------------------------------------------------------
--  DDL for Index TBL_NOTE_PK
--------------------------------------------------------

  CREATE UNIQUE INDEX "SYSTEM"."TBL_NOTE_PK" ON "SYSTEM"."TBL_NOTE" ("QUIZ_ID") 
  PCTFREE 10 INITRANS 2 MAXTRANS 255 COMPUTE STATISTICS 
  STORAGE(INITIAL 65536 NEXT 1048576 MINEXTENTS 1 MAXEXTENTS 2147483645
  PCTINCREASE 0 FREELISTS 1 FREELIST GROUPS 1
  BUFFER_POOL DEFAULT FLASH_CACHE DEFAULT CELL_FLASH_CACHE DEFAULT)
  TABLESPACE "SYSTEM" ;
--------------------------------------------------------
--  DDL for Index SYS_C008433
--------------------------------------------------------

  CREATE UNIQUE INDEX "SYSTEM"."SYS_C008433" ON "SYSTEM"."TBL_PROJECT" ("PROJ_ID") 
  PCTFREE 10 INITRANS 2 MAXTRANS 255 
  STORAGE(INITIAL 65536 NEXT 1048576 MINEXTENTS 1 MAXEXTENTS 2147483645
  PCTINCREASE 0 FREELISTS 1 FREELIST GROUPS 1
  BUFFER_POOL DEFAULT FLASH_CACHE DEFAULT CELL_FLASH_CACHE DEFAULT)
  TABLESPACE "SYSTEM" ;
--------------------------------------------------------
--  DDL for Index SYS_C008365
--------------------------------------------------------

  CREATE UNIQUE INDEX "SYSTEM"."SYS_C008365" ON "SYSTEM"."TBL_QUIZ" ("QUIZ_ID") 
  PCTFREE 10 INITRANS 2 MAXTRANS 255 COMPUTE STATISTICS 
  STORAGE(INITIAL 65536 NEXT 1048576 MINEXTENTS 1 MAXEXTENTS 2147483645
  PCTINCREASE 0 FREELISTS 1 FREELIST GROUPS 1
  BUFFER_POOL DEFAULT FLASH_CACHE DEFAULT CELL_FLASH_CACHE DEFAULT)
  TABLESPACE "SYSTEM" ;
--------------------------------------------------------
--  DDL for Index TBL_STUDENT_PK
--------------------------------------------------------

  CREATE UNIQUE INDEX "SYSTEM"."TBL_STUDENT_PK" ON "SYSTEM"."TBL_STUDENT" ("STU_NO") 
  PCTFREE 10 INITRANS 2 MAXTRANS 255 COMPUTE STATISTICS 
  STORAGE(INITIAL 65536 NEXT 1048576 MINEXTENTS 1 MAXEXTENTS 2147483645
  PCTINCREASE 0 FREELISTS 1 FREELIST GROUPS 1
  BUFFER_POOL DEFAULT FLASH_CACHE DEFAULT CELL_FLASH_CACHE DEFAULT)
  TABLESPACE "SYSTEM" ;
--------------------------------------------------------
--  DDL for Index PK_TBL_USER
--------------------------------------------------------

  CREATE UNIQUE INDEX "SYSTEM"."PK_TBL_USER" ON "SYSTEM"."TBL_USER" ("USERID") 
  PCTFREE 10 INITRANS 2 MAXTRANS 255 
  STORAGE(INITIAL 65536 NEXT 1048576 MINEXTENTS 1 MAXEXTENTS 2147483645
  PCTINCREASE 0 FREELISTS 1 FREELIST GROUPS 1
  BUFFER_POOL DEFAULT FLASH_CACHE DEFAULT CELL_FLASH_CACHE DEFAULT)
  TABLESPACE "SYSTEM" ;
--------------------------------------------------------
--  Constraints for Table BOARD
--------------------------------------------------------

  ALTER TABLE "SYSTEM"."BOARD" ADD PRIMARY KEY ("BOARDNO")
  USING INDEX PCTFREE 10 INITRANS 2 MAXTRANS 255 
  STORAGE(INITIAL 65536 NEXT 1048576 MINEXTENTS 1 MAXEXTENTS 2147483645
  PCTINCREASE 0 FREELISTS 1 FREELIST GROUPS 1
  BUFFER_POOL DEFAULT FLASH_CACHE DEFAULT CELL_FLASH_CACHE DEFAULT)
  TABLESPACE "SYSTEM"  ENABLE;
--------------------------------------------------------
--  Constraints for Table BOOK
--------------------------------------------------------

  ALTER TABLE "SYSTEM"."BOOK" ADD PRIMARY KEY ("BOOKID")
  USING INDEX PCTFREE 10 INITRANS 2 MAXTRANS 255 
  STORAGE(INITIAL 65536 NEXT 1048576 MINEXTENTS 1 MAXEXTENTS 2147483645
  PCTINCREASE 0 FREELISTS 1 FREELIST GROUPS 1
  BUFFER_POOL DEFAULT FLASH_CACHE DEFAULT CELL_FLASH_CACHE DEFAULT)
  TABLESPACE "SYSTEM"  ENABLE;
--------------------------------------------------------
--  Constraints for Table CUSTOMER
--------------------------------------------------------

  ALTER TABLE "SYSTEM"."CUSTOMER" ADD PRIMARY KEY ("CUSTID")
  USING INDEX PCTFREE 10 INITRANS 2 MAXTRANS 255 
  STORAGE(INITIAL 65536 NEXT 1048576 MINEXTENTS 1 MAXEXTENTS 2147483645
  PCTINCREASE 0 FREELISTS 1 FREELIST GROUPS 1
  BUFFER_POOL DEFAULT FLASH_CACHE DEFAULT CELL_FLASH_CACHE DEFAULT)
  TABLESPACE "SYSTEM"  ENABLE;
--------------------------------------------------------
--  Constraints for Table DEPARTMENT
--------------------------------------------------------

  ALTER TABLE "SYSTEM"."DEPARTMENT" MODIFY ("DNAME" NOT NULL ENABLE);
  ALTER TABLE "SYSTEM"."DEPARTMENT" ADD PRIMARY KEY ("DEPTNO")
  USING INDEX PCTFREE 10 INITRANS 2 MAXTRANS 255 COMPUTE STATISTICS 
  STORAGE(INITIAL 65536 NEXT 1048576 MINEXTENTS 1 MAXEXTENTS 2147483645
  PCTINCREASE 0 FREELISTS 1 FREELIST GROUPS 1
  BUFFER_POOL DEFAULT FLASH_CACHE DEFAULT CELL_FLASH_CACHE DEFAULT)
  TABLESPACE "USERS"  ENABLE;
--------------------------------------------------------
--  Constraints for Table EMP
--------------------------------------------------------

  ALTER TABLE "SYSTEM"."EMP" MODIFY ("EMPNO" NOT NULL ENABLE);
--------------------------------------------------------
--  Constraints for Table MEMBER
--------------------------------------------------------

  ALTER TABLE "SYSTEM"."MEMBER" MODIFY ("PASSWORD" NOT NULL ENABLE);
  ALTER TABLE "SYSTEM"."MEMBER" ADD PRIMARY KEY ("MEMBER_ID")
  USING INDEX PCTFREE 10 INITRANS 2 MAXTRANS 255 
  STORAGE(INITIAL 65536 NEXT 1048576 MINEXTENTS 1 MAXEXTENTS 2147483645
  PCTINCREASE 0 FREELISTS 1 FREELIST GROUPS 1
  BUFFER_POOL DEFAULT FLASH_CACHE DEFAULT CELL_FLASH_CACHE DEFAULT)
  TABLESPACE "SYSTEM"  ENABLE;
--------------------------------------------------------
--  Constraints for Table MEMBER_POINT
--------------------------------------------------------

  ALTER TABLE "SYSTEM"."MEMBER_POINT" ADD PRIMARY KEY ("POINT_ID")
  USING INDEX PCTFREE 10 INITRANS 2 MAXTRANS 255 
  STORAGE(INITIAL 65536 NEXT 1048576 MINEXTENTS 1 MAXEXTENTS 2147483645
  PCTINCREASE 0 FREELISTS 1 FREELIST GROUPS 1
  BUFFER_POOL DEFAULT FLASH_CACHE DEFAULT CELL_FLASH_CACHE DEFAULT)
  TABLESPACE "SYSTEM"  ENABLE;
--------------------------------------------------------
--  Constraints for Table ORDERS
--------------------------------------------------------

  ALTER TABLE "SYSTEM"."ORDERS" ADD PRIMARY KEY ("ORDERID")
  USING INDEX PCTFREE 10 INITRANS 2 MAXTRANS 255 
  STORAGE(INITIAL 65536 NEXT 1048576 MINEXTENTS 1 MAXEXTENTS 2147483645
  PCTINCREASE 0 FREELISTS 1 FREELIST GROUPS 1
  BUFFER_POOL DEFAULT FLASH_CACHE DEFAULT CELL_FLASH_CACHE DEFAULT)
  TABLESPACE "SYSTEM"  ENABLE;
--------------------------------------------------------
--  Constraints for Table PRODUCT
--------------------------------------------------------

  ALTER TABLE "SYSTEM"."PRODUCT" MODIFY ("PRODUCT_NAME" NOT NULL ENABLE);
  ALTER TABLE "SYSTEM"."PRODUCT" ADD PRIMARY KEY ("PRODUCT_ID")
  USING INDEX PCTFREE 10 INITRANS 2 MAXTRANS 255 
  STORAGE(INITIAL 65536 NEXT 1048576 MINEXTENTS 1 MAXEXTENTS 2147483645
  PCTINCREASE 0 FREELISTS 1 FREELIST GROUPS 1
  BUFFER_POOL DEFAULT FLASH_CACHE DEFAULT CELL_FLASH_CACHE DEFAULT)
  TABLESPACE "SYSTEM"  ENABLE;
--------------------------------------------------------
--  Constraints for Table PRODUCT_ORDERS
--------------------------------------------------------

  ALTER TABLE "SYSTEM"."PRODUCT_ORDERS" ADD PRIMARY KEY ("ORDER_ID")
  USING INDEX PCTFREE 10 INITRANS 2 MAXTRANS 255 
  STORAGE(INITIAL 65536 NEXT 1048576 MINEXTENTS 1 MAXEXTENTS 2147483645
  PCTINCREASE 0 FREELISTS 1 FREELIST GROUPS 1
  BUFFER_POOL DEFAULT FLASH_CACHE DEFAULT CELL_FLASH_CACHE DEFAULT)
  TABLESPACE "SYSTEM"  ENABLE;
--------------------------------------------------------
--  Constraints for Table PROFESSOR
--------------------------------------------------------

  ALTER TABLE "SYSTEM"."PROFESSOR" MODIFY ("NAME" NOT NULL ENABLE);
  ALTER TABLE "SYSTEM"."PROFESSOR" MODIFY ("ID" NOT NULL ENABLE);
  ALTER TABLE "SYSTEM"."PROFESSOR" ADD PRIMARY KEY ("PROFNO")
  USING INDEX PCTFREE 10 INITRANS 2 MAXTRANS 255 COMPUTE STATISTICS 
  STORAGE(INITIAL 65536 NEXT 1048576 MINEXTENTS 1 MAXEXTENTS 2147483645
  PCTINCREASE 0 FREELISTS 1 FREELIST GROUPS 1
  BUFFER_POOL DEFAULT FLASH_CACHE DEFAULT CELL_FLASH_CACHE DEFAULT)
  TABLESPACE "USERS"  ENABLE;
--------------------------------------------------------
--  Constraints for Table STU
--------------------------------------------------------

  ALTER TABLE "SYSTEM"."STU" MODIFY ("NAME" NOT NULL ENABLE);
  ALTER TABLE "SYSTEM"."STU" MODIFY ("ID" NOT NULL ENABLE);
  ALTER TABLE "SYSTEM"."STU" MODIFY ("JUMIN" NOT NULL ENABLE);
  ALTER TABLE "SYSTEM"."STU" ADD CHECK (grade between 1 and 6) ENABLE;
  ALTER TABLE "SYSTEM"."STU" ADD PRIMARY KEY ("STUNO")
  USING INDEX PCTFREE 10 INITRANS 2 MAXTRANS 255 COMPUTE STATISTICS 
  STORAGE(INITIAL 65536 NEXT 1048576 MINEXTENTS 1 MAXEXTENTS 2147483645
  PCTINCREASE 0 FREELISTS 1 FREELIST GROUPS 1
  BUFFER_POOL DEFAULT FLASH_CACHE DEFAULT CELL_FLASH_CACHE DEFAULT)
  TABLESPACE "USERS"  ENABLE;
  ALTER TABLE "SYSTEM"."STU" ADD UNIQUE ("ID")
  USING INDEX PCTFREE 10 INITRANS 2 MAXTRANS 255 COMPUTE STATISTICS 
  STORAGE(INITIAL 65536 NEXT 1048576 MINEXTENTS 1 MAXEXTENTS 2147483645
  PCTINCREASE 0 FREELISTS 1 FREELIST GROUPS 1
  BUFFER_POOL DEFAULT FLASH_CACHE DEFAULT CELL_FLASH_CACHE DEFAULT)
  TABLESPACE "USERS"  ENABLE;
--------------------------------------------------------
--  Constraints for Table STUDENT
--------------------------------------------------------

  ALTER TABLE "SYSTEM"."STUDENT" ADD PRIMARY KEY ("STU_NO")
  USING INDEX PCTFREE 10 INITRANS 2 MAXTRANS 255 COMPUTE STATISTICS 
  STORAGE(INITIAL 65536 NEXT 1048576 MINEXTENTS 1 MAXEXTENTS 2147483645
  PCTINCREASE 0 FREELISTS 1 FREELIST GROUPS 1
  BUFFER_POOL DEFAULT FLASH_CACHE DEFAULT CELL_FLASH_CACHE DEFAULT)
  TABLESPACE "SYSTEM"  ENABLE;
--------------------------------------------------------
--  Constraints for Table SUBJECT
--------------------------------------------------------

  ALTER TABLE "SYSTEM"."SUBJECT" ADD PRIMARY KEY ("SUB_NO")
  USING INDEX PCTFREE 10 INITRANS 2 MAXTRANS 255 COMPUTE STATISTICS 
  STORAGE(INITIAL 65536 NEXT 1048576 MINEXTENTS 1 MAXEXTENTS 2147483645
  PCTINCREASE 0 FREELISTS 1 FREELIST GROUPS 1
  BUFFER_POOL DEFAULT FLASH_CACHE DEFAULT CELL_FLASH_CACHE DEFAULT)
  TABLESPACE "SYSTEM"  ENABLE;
--------------------------------------------------------
--  Constraints for Table TBL_BOARD
--------------------------------------------------------

  ALTER TABLE "SYSTEM"."TBL_BOARD" MODIFY ("BOARDNO" NOT NULL ENABLE);
  ALTER TABLE "SYSTEM"."TBL_BOARD" MODIFY ("USERID" NOT NULL ENABLE);
  ALTER TABLE "SYSTEM"."TBL_BOARD" MODIFY ("TITLE" NOT NULL ENABLE);
  ALTER TABLE "SYSTEM"."TBL_BOARD" MODIFY ("CNT" NOT NULL ENABLE);
  ALTER TABLE "SYSTEM"."TBL_BOARD" MODIFY ("KIND" NOT NULL ENABLE);
  ALTER TABLE "SYSTEM"."TBL_BOARD" MODIFY ("CDATETIME" NOT NULL ENABLE);
  ALTER TABLE "SYSTEM"."TBL_BOARD" MODIFY ("UDATETIME" NOT NULL ENABLE);
  ALTER TABLE "SYSTEM"."TBL_BOARD" ADD CONSTRAINT "PK_TBL_BOARD" PRIMARY KEY ("BOARDNO")
  USING INDEX PCTFREE 10 INITRANS 2 MAXTRANS 255 
  STORAGE(INITIAL 65536 NEXT 1048576 MINEXTENTS 1 MAXEXTENTS 2147483645
  PCTINCREASE 0 FREELISTS 1 FREELIST GROUPS 1
  BUFFER_POOL DEFAULT FLASH_CACHE DEFAULT CELL_FLASH_CACHE DEFAULT)
  TABLESPACE "SYSTEM"  ENABLE;
--------------------------------------------------------
--  Constraints for Table TBL_COMMENT
--------------------------------------------------------

  ALTER TABLE "SYSTEM"."TBL_COMMENT" MODIFY ("COMMENTNO" NOT NULL ENABLE);
  ALTER TABLE "SYSTEM"."TBL_COMMENT" MODIFY ("CDATETIME" NOT NULL ENABLE);
  ALTER TABLE "SYSTEM"."TBL_COMMENT" MODIFY ("UDATETIME" NOT NULL ENABLE);
  ALTER TABLE "SYSTEM"."TBL_COMMENT" ADD CONSTRAINT "PK_TBL_COMMENT" PRIMARY KEY ("COMMENTNO")
  USING INDEX PCTFREE 10 INITRANS 2 MAXTRANS 255 
  STORAGE(INITIAL 65536 NEXT 1048576 MINEXTENTS 1 MAXEXTENTS 2147483645
  PCTINCREASE 0 FREELISTS 1 FREELIST GROUPS 1
  BUFFER_POOL DEFAULT FLASH_CACHE DEFAULT CELL_FLASH_CACHE DEFAULT)
  TABLESPACE "SYSTEM"  ENABLE;
--------------------------------------------------------
--  Constraints for Table TBL_DEPT
--------------------------------------------------------

  ALTER TABLE "SYSTEM"."TBL_DEPT" ADD PRIMARY KEY ("DEPT_ID")
  USING INDEX PCTFREE 10 INITRANS 2 MAXTRANS 255 
  STORAGE(INITIAL 65536 NEXT 1048576 MINEXTENTS 1 MAXEXTENTS 2147483645
  PCTINCREASE 0 FREELISTS 1 FREELIST GROUPS 1
  BUFFER_POOL DEFAULT FLASH_CACHE DEFAULT CELL_FLASH_CACHE DEFAULT)
  TABLESPACE "SYSTEM"  ENABLE;
--------------------------------------------------------
--  Constraints for Table TBL_EMP
--------------------------------------------------------

  ALTER TABLE "SYSTEM"."TBL_EMP" ADD PRIMARY KEY ("EMP_ID")
  USING INDEX PCTFREE 10 INITRANS 2 MAXTRANS 255 
  STORAGE(INITIAL 65536 NEXT 1048576 MINEXTENTS 1 MAXEXTENTS 2147483645
  PCTINCREASE 0 FREELISTS 1 FREELIST GROUPS 1
  BUFFER_POOL DEFAULT FLASH_CACHE DEFAULT CELL_FLASH_CACHE DEFAULT)
  TABLESPACE "SYSTEM"  ENABLE;
--------------------------------------------------------
--  Constraints for Table TBL_FRUIT
--------------------------------------------------------

  ALTER TABLE "SYSTEM"."TBL_FRUIT" MODIFY ("NAME" NOT NULL ENABLE);
  ALTER TABLE "SYSTEM"."TBL_FRUIT" ADD CONSTRAINT "TBL_FRUIT_PK" PRIMARY KEY ("NAME")
  USING INDEX "SYSTEM"."TBL_FRUIT_PK"  ENABLE;
--------------------------------------------------------
--  Constraints for Table TBL_NOTE
--------------------------------------------------------

  ALTER TABLE "SYSTEM"."TBL_NOTE" MODIFY ("QUIZ_ID" NOT NULL ENABLE);
  ALTER TABLE "SYSTEM"."TBL_NOTE" MODIFY ("USERID" NOT NULL ENABLE);
  ALTER TABLE "SYSTEM"."TBL_NOTE" ADD CONSTRAINT "TBL_NOTE_PK" PRIMARY KEY ("QUIZ_ID")
  USING INDEX "SYSTEM"."TBL_NOTE_PK"  ENABLE;
--------------------------------------------------------
--  Constraints for Table TBL_PROJECT
--------------------------------------------------------

  ALTER TABLE "SYSTEM"."TBL_PROJECT" ADD PRIMARY KEY ("PROJ_ID")
  USING INDEX PCTFREE 10 INITRANS 2 MAXTRANS 255 
  STORAGE(INITIAL 65536 NEXT 1048576 MINEXTENTS 1 MAXEXTENTS 2147483645
  PCTINCREASE 0 FREELISTS 1 FREELIST GROUPS 1
  BUFFER_POOL DEFAULT FLASH_CACHE DEFAULT CELL_FLASH_CACHE DEFAULT)
  TABLESPACE "SYSTEM"  ENABLE;
--------------------------------------------------------
--  Constraints for Table TBL_QUIZ
--------------------------------------------------------

  ALTER TABLE "SYSTEM"."TBL_QUIZ" MODIFY ("COUNTRY" NOT NULL ENABLE);
  ALTER TABLE "SYSTEM"."TBL_QUIZ" MODIFY ("CAPITAL" NOT NULL ENABLE);
  ALTER TABLE "SYSTEM"."TBL_QUIZ" ADD PRIMARY KEY ("QUIZ_ID")
  USING INDEX PCTFREE 10 INITRANS 2 MAXTRANS 255 COMPUTE STATISTICS 
  STORAGE(INITIAL 65536 NEXT 1048576 MINEXTENTS 1 MAXEXTENTS 2147483645
  PCTINCREASE 0 FREELISTS 1 FREELIST GROUPS 1
  BUFFER_POOL DEFAULT FLASH_CACHE DEFAULT CELL_FLASH_CACHE DEFAULT)
  TABLESPACE "SYSTEM"  ENABLE;
--------------------------------------------------------
--  Constraints for Table TBL_STUDENT
--------------------------------------------------------

  ALTER TABLE "SYSTEM"."TBL_STUDENT" MODIFY ("STU_NO" NOT NULL ENABLE);
  ALTER TABLE "SYSTEM"."TBL_STUDENT" MODIFY ("STU_NAME" NOT NULL ENABLE);
  ALTER TABLE "SYSTEM"."TBL_STUDENT" MODIFY ("STU_DEPT" NOT NULL ENABLE);
  ALTER TABLE "SYSTEM"."TBL_STUDENT" ADD CONSTRAINT "TBL_STUDENT_PK" PRIMARY KEY ("STU_NO")
  USING INDEX "SYSTEM"."TBL_STUDENT_PK"  ENABLE;
--------------------------------------------------------
--  Constraints for Table TBL_USER
--------------------------------------------------------

  ALTER TABLE "SYSTEM"."TBL_USER" MODIFY ("USERID" NOT NULL ENABLE);
  ALTER TABLE "SYSTEM"."TBL_USER" MODIFY ("PWD" NOT NULL ENABLE);
  ALTER TABLE "SYSTEM"."TBL_USER" MODIFY ("USERNAME" NOT NULL ENABLE);
  ALTER TABLE "SYSTEM"."TBL_USER" MODIFY ("BIRTH" NOT NULL ENABLE);
  ALTER TABLE "SYSTEM"."TBL_USER" MODIFY ("PHONE" NOT NULL ENABLE);
  ALTER TABLE "SYSTEM"."TBL_USER" MODIFY ("CDATETIME" NOT NULL ENABLE);
  ALTER TABLE "SYSTEM"."TBL_USER" ADD CONSTRAINT "PK_TBL_USER" PRIMARY KEY ("USERID")
  USING INDEX PCTFREE 10 INITRANS 2 MAXTRANS 255 
  STORAGE(INITIAL 65536 NEXT 1048576 MINEXTENTS 1 MAXEXTENTS 2147483645
  PCTINCREASE 0 FREELISTS 1 FREELIST GROUPS 1
  BUFFER_POOL DEFAULT FLASH_CACHE DEFAULT CELL_FLASH_CACHE DEFAULT)
  TABLESPACE "SYSTEM"  ENABLE;
--------------------------------------------------------
--  Ref Constraints for Table ENROL
--------------------------------------------------------

  ALTER TABLE "SYSTEM"."ENROL" ADD FOREIGN KEY ("SUB_NO")
	  REFERENCES "SYSTEM"."SUBJECT" ("SUB_NO") ENABLE;
  ALTER TABLE "SYSTEM"."ENROL" ADD FOREIGN KEY ("STU_NO")
	  REFERENCES "SYSTEM"."STUDENT" ("STU_NO") ENABLE;
